Article,Status,Peer Review,FLC
DHL Fastest Lap Award,Featured List,,FLC
Hawthorn Memorial Trophy,Featured List,,FLC
List of Formula One circuits,Featured List,PR,FLC
List of Formula One drivers,Featured List,,FLC
List of Formula One drivers who set a fastest lap,Featured List,,FLC
List of Formula One fatalities,Featured List,PR,"FLC's:1, 2"
List of Formula One Grand Prix winners,Featured List,PR,FLC
List of Formula One Grands Prix,Featured List,,FLC
List of Formula One polesitters,Featured List,,"FLC's:1, 2, 3"
List of Formula One seasons,Featured List,,FLC
List of Formula One World Championship points scoring systems,Featured List,,FLC
List of Formula One World Constructors' Champions,Featured List,,FLC
List of Formula One World Drivers' Champions,Featured List,,FLC
List of red-flagged Formula One races,Featured List,,FLC
Lorenzo Bandini Trophy,Featured List,,FLC
List of Formula One Grand Prix wins by Fernando Alonso,Former featured List,,FLC
List of Formula One Grand Prix wins by Lewis Hamilton,Former featured List,,FLC
List of Formula One Grand Prix wins by Alain Prost,Former featured List,,FLC
List of Formula One Grand Prix wins by Ayrton Senna,Former featured List,,"FLC's:1, 2"
List of Formula One Grand Prix wins by Michael Schumacher,Former featured List,,FLC
List of Formula One Grand Prix wins by Sebastian Vettel,Former featured List,,FLC
