Country,Total drivers,Champions,Championships,Race wins,First driver(s),Most recent driver(s)/ Current driver(s)
Argentina details,26,1 (Fangio [5]),"5 (1951, 1954, 1955, 1956, 1957)","38 (Fangio [24], González [2], Reutemann [12])",Juan Manuel Fangio (1950 British Grand Prix),Franco Colapinto (2025 Abu Dhabi Grand Prix)
Australia details,18,"2 (Brabham [3], Jones)","4 (1959, 1960, 1966, 1980)","52 (Brabham [14], Jones [12], Webber [9], Ricciardo [8], Piastri [9])",Tony Gaze (1952 Belgian Grand Prix),Oscar Piastri (2025 Abu Dhabi Grand Prix)
Austria details,16,"2 (Rindt, Lauda [3])","4 (1970, 1975, 1977, 1984)","41 (Rindt [6], Lauda [25], Berger [10])",Jochen Rindt (1964 Austrian Grand Prix),Christian Klien (2010 Abu Dhabi Grand Prix)
Belgium details,24,0,0,"11 (Ickx [8], Boutsen [3])",Johnny Claes (1950 British Grand Prix),Stoffel Vandoorne (2018 Abu Dhabi Grand Prix)
Brazil details,33,"3 (Fittipaldi [2], Piquet [3], Senna [3])","8 (1972, 1974, 1981, 1983, 1987, 1988, 1990, 1991)","101 (Fittipaldi [14], Pace [1], Piquet [23], Senna [41], Barrichello [11], Massa [11])",Chico Landi (1951 German Grand Prix),Gabriel Bortoleto (2025 Abu Dhabi Grand Prix)
Canada details,15,1 (J. Villeneuve),1 (1997),"17 (G. Villeneuve [6], J. Villeneuve [11])",Peter Ryan (1961 United States Grand Prix),Lance Stroll (2025 Abu Dhabi Grand Prix)
Chile,1,0,0,0,Eliseo Salazar (1981 USA West Grand Prix),Eliseo Salazar (1983 Belgian Grand Prix)
China,1,0,0,0,Zhou Guanyu (2022 Bahrain Grand Prix),Zhou Guanyu (2024 Abu Dhabi Grand Prix)
Colombia details,3,0,0,7 (Montoya [7]),Ricardo Londoño (1981 Brazilian Grand Prix),Juan Pablo Montoya (2006 United States Grand Prix)
Czech Republic,1,0,0,0,Tomáš Enge (2001 Italian Grand Prix),Tomáš Enge (2001 Japanese Grand Prix)
Denmark details,5,0,0,0,Tom Belsø (1973 Swedish Grand Prix),Kevin Magnussen (2024 Abu Dhabi Grand Prix)
East Germany details,4,0,0,0,"Ernst Klodwig, Rudolf Krause (1952 German Grand Prix)","Edgar Barth, Theo Fitzau, Ernst Klodwig, Rudolf Krause (1953 German Grand Prix)"
Finland details,9,"3 (K. Rosberg, Häkkinen [2], Räikkönen)","4 (1982, 1998, 1999, 2007)","57 (K. Rosberg [5], Häkkinen [20], Kovalainen [1], Räikkönen [21], Bottas [10])",Leo Kinnunen (1974 Belgian Grand Prix),Valtteri Bottas (2024 Abu Dhabi Grand Prix)
France details,75,1 (Prost [4]),"4 (1985, 1986, 1989, 1993)","81 (Trintignant [2], Cevert [1], Beltoise [2], Depailler [2], Jabouille [2], Pironi [3], Tambay [2], Laffite [6], Arnoux [7], Prost [51], Alesi [1], Panis [1], Gasly [1], Ocon [1])","Philippe Étancelin, Yves Giraud-Cabantous, Eugène Martin, Louis Rosier (1950 British Grand Prix)","Pierre Gasly, Isack Hadjar, Esteban Ocon (2025 Abu Dhabi Grand Prix)"
Germany / West Germany details,54,"3 (Michael Schumacher [7], Vettel [4], N. Rosberg)","12 (1994, 1995, 2000, 2001, 2002, 2003, 2004, 2010, 2011, 2012, 2013, 2016)","179 (von Trips [2], Mass [1], M. Schumacher [91], Frentzen [3], R. Schumacher [6], N. Rosberg [23], Vettel [53])",Paul Pietsch (1950 Italian Grand Prix),Nico Hülkenberg (2025 Abu Dhabi Grand Prix)
Hungary,1,0,0,0,Zsolt Baumgartner (2003 Hungarian Grand Prix),Zsolt Baumgartner (2004 Brazilian Grand Prix)
India details,2,0,0,0,Narain Karthikeyan (2005 Australian Grand Prix),Narain Karthikeyan (2012 Brazilian Grand Prix)
Indonesia,1,0,0,0,Rio Haryanto (2016 Australian Grand Prix),Rio Haryanto (2016 German Grand Prix)
Ireland details,5,0,0,0,Joe Kelly (1950 British Grand Prix),Ralph Firman (2003 Japanese Grand Prix)
Italy details,100,"2 (Farina, Ascari [2])","3 (1950, 1952, 1953)","43 (Farina [5], Ascari [13], Fagioli [1], Musso [1], Taruffi [1], Baghetti [1], Bandini [1], Scarfiotti [1], Brambilla [1], de Angelis [2], Patrese [6], Nannini [1], Alboreto [5], Fisichella [3], Trulli [1])","Luigi Fagioli, Nino Farina (1950 British Grand Prix)",Kimi Antonelli (2025 Abu Dhabi Grand Prix)
Japan details,21,0,0,0,Hiroshi Fushida (1975 Dutch Grand Prix),Yuki Tsunoda (2025 Abu Dhabi Grand Prix)
Liechtenstein,1,0,0,0,Rikky von Opel (1973 French Grand Prix),Rikky von Opel (1974 French Grand Prix)
Malaysia,1,0,0,0,Alex Yoong (2001 Italian Grand Prix),Alex Yoong (2002 Japanese Grand Prix)
Mexico details,6,0,0,"8 (Rodriguez [2], Pérez [6])",Ricardo Rodríguez (1961 Italian Grand Prix),Sergio Pérez (2024 Abu Dhabi Grand Prix)
Monaco details,5,0,0,8 (Leclerc [8]),Louis Chiron (1950 British Grand Prix),Charles Leclerc (2025 Abu Dhabi Grand Prix)
Morocco,1,0,0,0,Robert La Caze (1958 Moroccan Grand Prix),Robert La Caze (1958 Moroccan Grand Prix)
Netherlands details,17,1  (M. Verstappen [4]),"4  (2021, 2022, 2023, 2024)",71 (M. Verstappen [71]),"Jan Flinterman, Dries van der Lof (1952 Dutch Grand Prix)",Max Verstappen (2025 Abu Dhabi Grand Prix)
New Zealand details,10,1 (Hulme),1 (1967),"12 (McLaren [4], Hulme [8])",Bruce McLaren (1958 German Grand Prix),Liam Lawson (2025 Abu Dhabi Grand Prix)
Poland,1,0,0,1 (Kubica [1]),Robert Kubica (2006 Hungarian Grand Prix),Robert Kubica (2021 Italian Grand Prix)
Portugal details,5,0,0,0,Mário Araújo de Cabral (1959 Portuguese Grand Prix),Tiago Monteiro (2006 Brazilian Grand Prix)
Rhodesia details,6,0,0,0,John Love (1962 South African Grand Prix),John Love (1972 South African Grand Prix)
Russia / Russian Automobile Federation[z] details,4,0,0,0,Vitaly Petrov (2010 Bahrain Grand Prix),Nikita Mazepin (2021 Abu Dhabi Grand Prix)
South Africa details,23,1 (Scheckter),1 (1979),10 (Scheckter [10]),Tony Maggs (1961 British Grand Prix),Jody Scheckter (1980 United States Grand Prix)
Spain details,15,1 (Alonso [2]),"2 (2005, 2006)","36 (Alonso [32], Sainz [4])","Paco Godia, Juan Jover (1951 Spanish Grand Prix)","Fernando Alonso, Carlos Sainz Jr. (2025 Abu Dhabi Grand Prix)"
Sweden details,11,0,0,"12 (Bonnier [1], Peterson [10], Nilsson [1])",Erik Lundgren (1951 German Grand Prix),Marcus Ericsson (2018 Abu Dhabi Grand Prix)
Switzerland details,29,0,0,"7 (Siffert [2], Regazzoni [5])",Toulo de Graffenried (1950 British Grand Prix),Sébastien Buemi (2011 Brazilian Grand Prix)
Thailand details,2,0,0,0,Prince Bira (1950 British Grand Prix),Alexander Albon (2025 Abu Dhabi Grand Prix)
United Kingdom details,163[al],"11 (Hawthorn, G. Hill [2], Clark [2], Surtees, Stewart [3], Hunt, Mansell, D. Hill, Hamilton [7], Button, Norris)","21 (1958, 1962, 1963, 1964, 1965, 1968, 1969, 1971, 1973, 1976, 1992, 1996, 2008, 2009, 2014, 2015, 2017, 2018, 2019, 2020, 2025)","325 (Moss [16], Collins [3], Hawthorn [3], Ireland [1], Brooks [6], Clark [25], Surtees [6], G. Hill [14], Stewart [27], Gethin [1], Hunt [10], Watson [5], Mansell [31], D. Hill [22], Herbert [3], Irvine [4], Coulthard [13], Button [15], Hamilton [105], Russell [5], Norris [11])","Geoffrey Crossley, Joe Fry, Bob Gerard, David Hampshire, Cuth Harrison, Leslie Johnson, David Murray, Reg Parnell, Peter Walker (1950 British Grand Prix)","Oliver Bearman, Lewis Hamilton, Lando Norris, George Russell (2025 Abu Dhabi Grand Prix)"
United States details,58 (+104 1950–1960 Indianapolis 500 only),"2 (P. Hill, Andretti)","2 (1961, 1978)","33 (Parsons [1], Wallard [1], Ruttman [1], Vukovich [2], Sweikert [1], Flaherty [1], Hanks [1], Bryan [1], Ward [1], Rathmann [1], P. Hill [3], Gurney [4], Ginther [1], Revson [2], Andretti [12])",Harry Schell (1950 Monaco Grand Prix),Logan Sargeant (2024 Dutch Grand Prix)
Uruguay details,4,0,0,0,Eitel Cantoni (1952 British Grand Prix),Asdrúbal Fontes Bayardo (1959 French Grand Prix)
Venezuela details,3,0,0,1 (Maldonado [1]),Ettore Chimeri (1960 Argentine Grand Prix),Pastor Maldonado (2015 Abu Dhabi Grand Prix)
Country,Total drivers,Champions,Championships,Race wins,First driver(s),Most recent driver(s)/ Current driver(s)
