"tablescraper-selected-row","tablescraper-selected-row 2","tablescraper-selected-row 3","tablescraper-selected-row 4","tablescraper-selected-row 5","tablescraper-selected-row 6","tablescraper-selected-row href","mw-file-description href","mw-file-element src","mw-file-description href 2","mw-file-element src 2","datasortkey","datasortkey href"
"#","Pilote","Nationalité","Période","Participations","Victoires","","","","","","",""
"1","Lewis Hamilton","2007-","380","105","27,63 %","https://fr.wikipedia.org/wiki/Lewis_Hamilton","https://fr.wikipedia.org/wiki/Fichier:ButtonGreen.svg","https://upload.wikimedia.org/wikipedia/commons/thumb/3/3c/ButtonGreen.svg/20px-ButtonGreen.svg.png","https://fr.wikipedia.org/wiki/Fichier:Flag_of_the_United_Kingdom_(3-5).svg","https://upload.wikimedia.org/wikipedia/commons/thumb/8/83/Flag_of_the_United_Kingdom_%283-5%29.svg/20px-Flag_of_the_United_Kingdom_%283-5%29.svg.png","Royaume-Uni","https://fr.wikipedia.org/wiki/Royaume-Uni"
"2","Michael Schumacher","1991-2006 ; 2010-2012","307","91","29,64 %","https://fr.wikipedia.org/wiki/Michael_Schumacher","","","https://fr.wikipedia.org/wiki/Fichier:Flag_of_Germany.svg","https://upload.wikimedia.org/wikipedia/commons/thumb/b/ba/Flag_of_Germany.svg/20px-Flag_of_Germany.svg.png","Allemagne","https://fr.wikipedia.org/wiki/Allemagne"
"3","Max Verstappen","2015-","233","71","30,47 %","https://fr.wikipedia.org/wiki/Max_Verstappen","https://fr.wikipedia.org/wiki/Fichier:ButtonGreen.svg","https://upload.wikimedia.org/wikipedia/commons/thumb/3/3c/ButtonGreen.svg/20px-ButtonGreen.svg.png","https://fr.wikipedia.org/wiki/Fichier:Flag_of_the_Netherlands.svg","https://upload.wikimedia.org/wikipedia/commons/thumb/2/20/Flag_of_the_Netherlands.svg/20px-Flag_of_the_Netherlands.svg.png","Pays-Bas","https://fr.wikipedia.org/wiki/Pays-Bas"
"4","Sebastian Vettel","2007-2022","299","53","17,73 %","https://fr.wikipedia.org/wiki/Sebastian_Vettel","","","https://fr.wikipedia.org/wiki/Fichier:Flag_of_Germany.svg","https://upload.wikimedia.org/wikipedia/commons/thumb/b/ba/Flag_of_Germany.svg/20px-Flag_of_Germany.svg.png","Allemagne","https://fr.wikipedia.org/wiki/Allemagne"
"5","Alain Prost","1980-1991 ; 1993","199","51","25,63 %","https://fr.wikipedia.org/wiki/Alain_Prost","","","https://fr.wikipedia.org/wiki/Fichier:Flag_of_France_(1976%E2%80%932020).svg","https://upload.wikimedia.org/wikipedia/commons/thumb/d/d1/Flag_of_France_%281976%E2%80%932020%29.svg/20px-Flag_of_France_%281976%E2%80%932020%29.svg.png","France","https://fr.wikipedia.org/wiki/France"
"6","Ayrton Senna","1984-1994","161","41","25,47 %","https://fr.wikipedia.org/wiki/Ayrton_Senna","","","https://fr.wikipedia.org/wiki/Fichier:Flag_of_Brazil.svg","https://upload.wikimedia.org/wikipedia/commons/thumb/0/05/Flag_of_Brazil.svg/20px-Flag_of_Brazil.svg.png","Brésil","https://fr.wikipedia.org/wiki/Br%C3%A9sil"
"7","Fernando Alonso","2001 ; 2003-2018 ; 2021-","425","32","7,53 %","https://fr.wikipedia.org/wiki/Fernando_Alonso","https://fr.wikipedia.org/wiki/Fichier:ButtonGreen.svg","https://upload.wikimedia.org/wikipedia/commons/thumb/3/3c/ButtonGreen.svg/20px-ButtonGreen.svg.png","https://fr.wikipedia.org/wiki/Fichier:Flag_of_Spain.svg","https://upload.wikimedia.org/wikipedia/commons/thumb/9/9a/Flag_of_Spain.svg/20px-Flag_of_Spain.svg.png","Espagne","https://fr.wikipedia.org/wiki/Espagne"
"8","Nigel Mansell","1980-1992 ; 1994-1995","187","31","16,58 %","https://fr.wikipedia.org/wiki/Nigel_Mansell","","","https://fr.wikipedia.org/wiki/Fichier:Flag_of_the_United_Kingdom_(3-5).svg","https://upload.wikimedia.org/wikipedia/commons/thumb/8/83/Flag_of_the_United_Kingdom_%283-5%29.svg/20px-Flag_of_the_United_Kingdom_%283-5%29.svg.png","Royaume-Uni","https://fr.wikipedia.org/wiki/Royaume-Uni"
"9","Jackie Stewart","1965-1973","99","27","27,27 %","https://fr.wikipedia.org/wiki/Jackie_Stewart","","","https://fr.wikipedia.org/wiki/Fichier:Flag_of_the_United_Kingdom_(3-5).svg","https://upload.wikimedia.org/wikipedia/commons/thumb/8/83/Flag_of_the_United_Kingdom_%283-5%29.svg/20px-Flag_of_the_United_Kingdom_%283-5%29.svg.png","Royaume-Uni","https://fr.wikipedia.org/wiki/Royaume-Uni"
"10","Jim Clark","1960-1968","72","25","34,72 %","https://fr.wikipedia.org/wiki/Jim_Clark","","","https://fr.wikipedia.org/wiki/Fichier:Flag_of_the_United_Kingdom_(3-5).svg","https://upload.wikimedia.org/wikipedia/commons/thumb/8/83/Flag_of_the_United_Kingdom_%283-5%29.svg/20px-Flag_of_the_United_Kingdom_%283-5%29.svg.png","Royaume-Uni","https://fr.wikipedia.org/wiki/Royaume-Uni"
"11","Niki Lauda","1971-1979 ; 1982-1985","171","25","14,62 %","https://fr.wikipedia.org/wiki/Niki_Lauda","","","https://fr.wikipedia.org/wiki/Fichier:Flag_of_Austria.svg","https://upload.wikimedia.org/wikipedia/commons/thumb/4/41/Flag_of_Austria.svg/20px-Flag_of_Austria.svg.png","Autriche","https://fr.wikipedia.org/wiki/Autriche"
"12","Juan Manuel Fangio","1950-1951 ; 1953-1958","51","24","47,06 %","https://fr.wikipedia.org/wiki/Juan_Manuel_Fangio","","","https://fr.wikipedia.org/wiki/Fichier:Flag_of_Argentina.svg","https://upload.wikimedia.org/wikipedia/commons/thumb/1/1a/Flag_of_Argentina.svg/20px-Flag_of_Argentina.svg.png","Argentine","https://fr.wikipedia.org/wiki/Argentine"
"13","Nico Rosberg","2006-2016","202","23","11,39 %","https://fr.wikipedia.org/wiki/Nico_Rosberg","","","https://fr.wikipedia.org/wiki/Fichier:Flag_of_Germany.svg","https://upload.wikimedia.org/wikipedia/commons/thumb/b/ba/Flag_of_Germany.svg/20px-Flag_of_Germany.svg.png","Allemagne","https://fr.wikipedia.org/wiki/Allemagne"
"14","Nelson Piquet","1978-1991","204","23","11,27 %","https://fr.wikipedia.org/wiki/Nelson_Piquet","","","https://fr.wikipedia.org/wiki/Fichier:Flag_of_Brazil.svg","https://upload.wikimedia.org/wikipedia/commons/thumb/0/05/Flag_of_Brazil.svg/20px-Flag_of_Brazil.svg.png","Brésil","https://fr.wikipedia.org/wiki/Br%C3%A9sil"
"15","Damon Hill","1992-1999","115","22","19,13 %","https://fr.wikipedia.org/wiki/Damon_Hill","","","https://fr.wikipedia.org/wiki/Fichier:Flag_of_the_United_Kingdom_(3-5).svg","https://upload.wikimedia.org/wikipedia/commons/thumb/8/83/Flag_of_the_United_Kingdom_%283-5%29.svg/20px-Flag_of_the_United_Kingdom_%283-5%29.svg.png","Royaume-Uni","https://fr.wikipedia.org/wiki/Royaume-Uni"
"16","Kimi Räikkönen","2001-2009 ; 2012-2021","350","21","6,00%","https://fr.wikipedia.org/wiki/Kimi_R%C3%A4ikk%C3%B6nen","","","https://fr.wikipedia.org/wiki/Fichier:Flag_of_Finland.svg","https://upload.wikimedia.org/wikipedia/commons/thumb/b/bc/Flag_of_Finland.svg/20px-Flag_of_Finland.svg.png","Finlande","https://fr.wikipedia.org/wiki/Finlande"
"17","Mika Häkkinen","1991-2001","161","20","12,42 %","https://fr.wikipedia.org/wiki/Mika_H%C3%A4kkinen","","","https://fr.wikipedia.org/wiki/Fichier:Flag_of_Finland.svg","https://upload.wikimedia.org/wikipedia/commons/thumb/b/bc/Flag_of_Finland.svg/20px-Flag_of_Finland.svg.png","Finlande","https://fr.wikipedia.org/wiki/Finlande"
"18","Stirling Moss","1951-1961","66","16","24,24 %","https://fr.wikipedia.org/wiki/Stirling_Moss","","","https://fr.wikipedia.org/wiki/Fichier:Flag_of_the_United_Kingdom_(3-5).svg","https://upload.wikimedia.org/wikipedia/commons/thumb/8/83/Flag_of_the_United_Kingdom_%283-5%29.svg/20px-Flag_of_the_United_Kingdom_%283-5%29.svg.png","Royaume-Uni","https://fr.wikipedia.org/wiki/Royaume-Uni"
"19","Jenson Button","2000-2017","306","15","4,90 %","https://fr.wikipedia.org/wiki/Jenson_Button","","","https://fr.wikipedia.org/wiki/Fichier:Flag_of_the_United_Kingdom_(3-5).svg","https://upload.wikimedia.org/wikipedia/commons/thumb/8/83/Flag_of_the_United_Kingdom_%283-5%29.svg/20px-Flag_of_the_United_Kingdom_%283-5%29.svg.png","Royaume-Uni","https://fr.wikipedia.org/wiki/Royaume-Uni"
"20","Jack Brabham","1955-1970","123","14","11,38 %","https://fr.wikipedia.org/wiki/Jack_Brabham","","","https://fr.wikipedia.org/wiki/Fichier:Flag_of_Australia.svg","https://upload.wikimedia.org/wikipedia/commons/thumb/b/b9/Flag_of_Australia.svg/20px-Flag_of_Australia.svg.png","Australie","https://fr.wikipedia.org/wiki/Australie"
"21","Emerson Fittipaldi","1970-1980","144","14","9,72 %","https://fr.wikipedia.org/wiki/Emerson_Fittipaldi","","","https://fr.wikipedia.org/wiki/Fichier:Flag_of_Brazil.svg","https://upload.wikimedia.org/wikipedia/commons/thumb/0/05/Flag_of_Brazil.svg/20px-Flag_of_Brazil.svg.png","Brésil","https://fr.wikipedia.org/wiki/Br%C3%A9sil"
"22","Graham Hill","1958-1975","175","14","8,00 %","https://fr.wikipedia.org/wiki/Graham_Hill","","","https://fr.wikipedia.org/wiki/Fichier:Flag_of_the_United_Kingdom_(3-5).svg","https://upload.wikimedia.org/wikipedia/commons/thumb/8/83/Flag_of_the_United_Kingdom_%283-5%29.svg/20px-Flag_of_the_United_Kingdom_%283-5%29.svg.png","Royaume-Uni","https://fr.wikipedia.org/wiki/Royaume-Uni"
"23","Alberto Ascari","1950-1955","32","13","40,63 %","https://fr.wikipedia.org/wiki/Alberto_Ascari","","","https://fr.wikipedia.org/wiki/Fichier:Flag_of_Italy.svg","https://upload.wikimedia.org/wikipedia/commons/thumb/0/03/Flag_of_Italy.svg/20px-Flag_of_Italy.svg.png","Italie","https://fr.wikipedia.org/wiki/Italie"
"24","David Coulthard","1994-2008","246","13","5,28 %","https://fr.wikipedia.org/wiki/David_Coulthard","","","https://fr.wikipedia.org/wiki/Fichier:Flag_of_the_United_Kingdom_(3-5).svg","https://upload.wikimedia.org/wikipedia/commons/thumb/8/83/Flag_of_the_United_Kingdom_%283-5%29.svg/20px-Flag_of_the_United_Kingdom_%283-5%29.svg.png","Royaume-Uni","https://fr.wikipedia.org/wiki/Royaume-Uni"
"25","Alan Jones","1975-1981 ; 1983 ; 1985-1986","116","12","10,34 %","https://fr.wikipedia.org/wiki/Alan_Jones","","","https://fr.wikipedia.org/wiki/Fichier:Flag_of_Australia.svg","https://upload.wikimedia.org/wikipedia/commons/thumb/b/b9/Flag_of_Australia.svg/20px-Flag_of_Australia.svg.png","Australie","https://fr.wikipedia.org/wiki/Australie"
"26","Mario Andretti","1968-1972 ; 1974-1982","128","12","9,38 %","https://fr.wikipedia.org/wiki/Mario_Andretti","https://fr.wikipedia.org/wiki/Fichier:Flag_of_the_United_States.svg","https://upload.wikimedia.org/wikipedia/commons/thumb/a/a4/Flag_of_the_United_States.svg/20px-Flag_of_the_United_States.svg.png","","","États-Unis","https://fr.wikipedia.org/wiki/%C3%89tats-Unis"
"27","Carlos Reutemann","1972-1982","146","12","8,22 %","https://fr.wikipedia.org/wiki/Carlos_Reutemann","","","https://fr.wikipedia.org/wiki/Fichier:Flag_of_Argentina.svg","https://upload.wikimedia.org/wikipedia/commons/thumb/1/1a/Flag_of_Argentina.svg/20px-Flag_of_Argentina.svg.png","Argentine","https://fr.wikipedia.org/wiki/Argentine"
"28","Lando Norris","2019-","152","11","7,23 %","https://fr.wikipedia.org/wiki/Lando_Norris","https://fr.wikipedia.org/wiki/Fichier:ButtonGreen.svg","https://upload.wikimedia.org/wikipedia/commons/thumb/3/3c/ButtonGreen.svg/20px-ButtonGreen.svg.png","https://fr.wikipedia.org/wiki/Fichier:Flag_of_the_United_Kingdom_(3-5).svg","https://upload.wikimedia.org/wikipedia/commons/thumb/8/83/Flag_of_the_United_Kingdom_%283-5%29.svg/20px-Flag_of_the_United_Kingdom_%283-5%29.svg.png","Royaume-Uni","https://fr.wikipedia.org/wiki/Royaume-Uni"
"29","Jacques Villeneuve","1996-2006","163","11","6,75 %","https://fr.wikipedia.org/wiki/Jacques_Villeneuve","","","https://fr.wikipedia.org/wiki/Fichier:Flag_of_Canada_(Pantone).svg","https://upload.wikimedia.org/wikipedia/commons/thumb/d/d9/Flag_of_Canada_%28Pantone%29.svg/20px-Flag_of_Canada_%28Pantone%29.svg.png","Canada","https://fr.wikipedia.org/wiki/Canada"
"30","Felipe Massa","2002 ; 2004-2017","269","11","4,09 %","https://fr.wikipedia.org/wiki/Felipe_Massa","","","https://fr.wikipedia.org/wiki/Fichier:Flag_of_Brazil.svg","https://upload.wikimedia.org/wikipedia/commons/thumb/0/05/Flag_of_Brazil.svg/20px-Flag_of_Brazil.svg.png","Brésil","https://fr.wikipedia.org/wiki/Br%C3%A9sil"
"31","Rubens Barrichello","1993-2011","323","11","3,41 %","https://fr.wikipedia.org/wiki/Rubens_Barrichello","","","https://fr.wikipedia.org/wiki/Fichier:Flag_of_Brazil.svg","https://upload.wikimedia.org/wikipedia/commons/thumb/0/05/Flag_of_Brazil.svg/20px-Flag_of_Brazil.svg.png","Brésil","https://fr.wikipedia.org/wiki/Br%C3%A9sil"
"32","James Hunt","1973-1979","92","10","10,87 %","https://fr.wikipedia.org/wiki/James_Hunt","","","https://fr.wikipedia.org/wiki/Fichier:Flag_of_the_United_Kingdom_(3-5).svg","https://upload.wikimedia.org/wikipedia/commons/thumb/8/83/Flag_of_the_United_Kingdom_%283-5%29.svg/20px-Flag_of_the_United_Kingdom_%283-5%29.svg.png","Royaume-Uni","https://fr.wikipedia.org/wiki/Royaume-Uni"
"33","Jody Scheckter","1972-1980","112","10","8,93 %","https://fr.wikipedia.org/wiki/Jody_Scheckter","","","https://fr.wikipedia.org/wiki/Fichier:Flag_of_South_Africa.svg","https://upload.wikimedia.org/wikipedia/commons/thumb/a/af/Flag_of_South_Africa.svg/20px-Flag_of_South_Africa.svg.png","Afrique du Sud","https://fr.wikipedia.org/wiki/Afrique_du_Sud"
"34","Ronnie Peterson","1970-1978","123","10","8,13 %","https://fr.wikipedia.org/wiki/Ronnie_Peterson","","","https://fr.wikipedia.org/wiki/Fichier:Flag_of_Sweden.svg","https://upload.wikimedia.org/wikipedia/commons/thumb/4/4c/Flag_of_Sweden.svg/20px-Flag_of_Sweden.svg.png","Suède","https://fr.wikipedia.org/wiki/Su%C3%A8de"
"35","Gerhard Berger","1984-1997","210","10","4,76 %","https://fr.wikipedia.org/wiki/Gerhard_Berger","","","https://fr.wikipedia.org/wiki/Fichier:Flag_of_Austria.svg","https://upload.wikimedia.org/wikipedia/commons/thumb/4/41/Flag_of_Austria.svg/20px-Flag_of_Austria.svg.png","Autriche","https://fr.wikipedia.org/wiki/Autriche"
"36","Valtteri Bottas","2013-2024 ; 2026-","246","10","4,07 %","https://fr.wikipedia.org/wiki/Valtteri_Bottas","","","https://fr.wikipedia.org/wiki/Fichier:Flag_of_Finland.svg","https://upload.wikimedia.org/wikipedia/commons/thumb/b/bc/Flag_of_Finland.svg/20px-Flag_of_Finland.svg.png","Finlande","https://fr.wikipedia.org/wiki/Finlande"
"37","Oscar Piastri","2023-","70","9","12,85 %","https://fr.wikipedia.org/wiki/Oscar_Piastri","https://fr.wikipedia.org/wiki/Fichier:ButtonGreen.svg","https://upload.wikimedia.org/wikipedia/commons/thumb/3/3c/ButtonGreen.svg/20px-ButtonGreen.svg.png","https://fr.wikipedia.org/wiki/Fichier:Flag_of_Australia.svg","https://upload.wikimedia.org/wikipedia/commons/thumb/b/b9/Flag_of_Australia.svg/20px-Flag_of_Australia.svg.png","Australie","https://fr.wikipedia.org/wiki/Australie"
"38","Mark Webber","2002-2013","215","9","4,19 %","https://fr.wikipedia.org/wiki/Mark_Webber","","","https://fr.wikipedia.org/wiki/Fichier:Flag_of_Australia.svg","https://upload.wikimedia.org/wikipedia/commons/thumb/b/b9/Flag_of_Australia.svg/20px-Flag_of_Australia.svg.png","Australie","https://fr.wikipedia.org/wiki/Australie"
"39","Denny Hulme","1965-1974","112","8","7,14 %","https://fr.wikipedia.org/wiki/Denny_Hulme","","","https://fr.wikipedia.org/wiki/Fichier:Flag_of_New_Zealand.svg","https://upload.wikimedia.org/wikipedia/commons/thumb/3/3e/Flag_of_New_Zealand.svg/20px-Flag_of_New_Zealand.svg.png","Nouvelle-Zélande","https://fr.wikipedia.org/wiki/Nouvelle-Z%C3%A9lande"
"40","Jacky Ickx","1966-1979","114","8","7,02 %","https://fr.wikipedia.org/wiki/Jacky_Ickx","","","https://fr.wikipedia.org/wiki/Fichier:Flag_of_Belgium_(civil).svg","https://upload.wikimedia.org/wikipedia/commons/thumb/9/92/Flag_of_Belgium_%28civil%29.svg/20px-Flag_of_Belgium_%28civil%29.svg.png","Belgique","https://fr.wikipedia.org/wiki/Belgique"
"41","Charles Leclerc","2018-...","171","8","4,68 %","https://fr.wikipedia.org/wiki/Charles_Leclerc_(pilote_automobile)","https://fr.wikipedia.org/wiki/Fichier:ButtonGreen.svg","https://upload.wikimedia.org/wikipedia/commons/thumb/3/3c/ButtonGreen.svg/20px-ButtonGreen.svg.png","https://fr.wikipedia.org/wiki/Fichier:Flag_of_Monaco.svg","https://upload.wikimedia.org/wikipedia/commons/thumb/e/ea/Flag_of_Monaco.svg/20px-Flag_of_Monaco.svg.png","Monaco","https://fr.wikipedia.org/wiki/Monaco"
"42","Daniel Ricciardo","2011-2024","258","8","3,10 %","https://fr.wikipedia.org/wiki/Daniel_Ricciardo","","","https://fr.wikipedia.org/wiki/Fichier:Flag_of_Australia.svg","https://upload.wikimedia.org/wikipedia/commons/thumb/b/b9/Flag_of_Australia.svg/20px-Flag_of_Australia.svg.png","Australie","https://fr.wikipedia.org/wiki/Australie"
"43","Juan Pablo Montoya","2001-2006","94","7","7,45 %","https://fr.wikipedia.org/wiki/Juan_Pablo_Montoya","","","https://fr.wikipedia.org/wiki/Fichier:Flag_of_Colombia.svg","https://upload.wikimedia.org/wikipedia/commons/thumb/2/21/Flag_of_Colombia.svg/20px-Flag_of_Colombia.svg.png","Colombie","https://fr.wikipedia.org/wiki/Colombie"
"44","René Arnoux","1978-1989","149","7","4,70 %","https://fr.wikipedia.org/wiki/Ren%C3%A9_Arnoux","","","https://fr.wikipedia.org/wiki/Fichier:Flag_of_France_(1976%E2%80%932020).svg","https://upload.wikimedia.org/wikipedia/commons/thumb/d/d1/Flag_of_France_%281976%E2%80%932020%29.svg/20px-Flag_of_France_%281976%E2%80%932020%29.svg.png","France","https://fr.wikipedia.org/wiki/France"
"45","Tony Brooks","1956-1961","38","6","15,79 %","https://fr.wikipedia.org/wiki/Tony_Brooks","","","https://fr.wikipedia.org/wiki/Fichier:Flag_of_the_United_Kingdom_(3-5).svg","https://upload.wikimedia.org/wikipedia/commons/thumb/8/83/Flag_of_the_United_Kingdom_%283-5%29.svg/20px-Flag_of_the_United_Kingdom_%283-5%29.svg.png","Royaume-Uni","https://fr.wikipedia.org/wiki/Royaume-Uni"
"46","Jochen Rindt","1964-1970","60","6","10,00 %","https://fr.wikipedia.org/wiki/Jochen_Rindt","","","https://fr.wikipedia.org/wiki/Fichier:Flag_of_Austria.svg","https://upload.wikimedia.org/wikipedia/commons/thumb/4/41/Flag_of_Austria.svg/20px-Flag_of_Austria.svg.png","Autriche","https://fr.wikipedia.org/wiki/Autriche"
"47","Gilles Villeneuve","1977-1982","67","6","8,96 %","https://fr.wikipedia.org/wiki/Gilles_Villeneuve","","","https://fr.wikipedia.org/wiki/Fichier:Flag_of_Canada_(Pantone).svg","https://upload.wikimedia.org/wikipedia/commons/thumb/d/d9/Flag_of_Canada_%28Pantone%29.svg/20px-Flag_of_Canada_%28Pantone%29.svg.png","Canada","https://fr.wikipedia.org/wiki/Canada"
"48","John Surtees","1960-1972","111","6","5,41 %","https://fr.wikipedia.org/wiki/John_Surtees","","","https://fr.wikipedia.org/wiki/Fichier:Flag_of_the_United_Kingdom_(3-5).svg","https://upload.wikimedia.org/wikipedia/commons/thumb/8/83/Flag_of_the_United_Kingdom_%283-5%29.svg/20px-Flag_of_the_United_Kingdom_%283-5%29.svg.png","Royaume-Uni","https://fr.wikipedia.org/wiki/Royaume-Uni"
"49","Jacques Laffite","1974-1986","176","6","3,41 %","https://fr.wikipedia.org/wiki/Jacques_Laffite","","","https://fr.wikipedia.org/wiki/Fichier:Flag_of_France_(1976%E2%80%932020).svg","https://upload.wikimedia.org/wikipedia/commons/thumb/d/d1/Flag_of_France_%281976%E2%80%932020%29.svg/20px-Flag_of_France_%281976%E2%80%932020%29.svg.png","France","https://fr.wikipedia.org/wiki/France"
"50","Ralf Schumacher","1997-2007","180","6","3,33 %","https://fr.wikipedia.org/wiki/Ralf_Schumacher","","","https://fr.wikipedia.org/wiki/Fichier:Flag_of_Germany.svg","https://upload.wikimedia.org/wikipedia/commons/thumb/b/ba/Flag_of_Germany.svg/20px-Flag_of_Germany.svg.png","Allemagne","https://fr.wikipedia.org/wiki/Allemagne"
"51","Riccardo Patrese","1977-1993","256","6","2,34 %","https://fr.wikipedia.org/wiki/Riccardo_Patrese","","","https://fr.wikipedia.org/wiki/Fichier:Flag_of_Italy.svg","https://upload.wikimedia.org/wikipedia/commons/thumb/0/03/Flag_of_Italy.svg/20px-Flag_of_Italy.svg.png","Italie","https://fr.wikipedia.org/wiki/Italie"
"52","Sergio Pérez","2011-2024 ; 2026-","281","6","2,14 %","https://fr.wikipedia.org/wiki/Sergio_P%C3%A9rez","","","https://fr.wikipedia.org/wiki/Fichier:Flag_of_Mexico.svg","https://upload.wikimedia.org/wikipedia/commons/thumb/f/fc/Flag_of_Mexico.svg/20px-Flag_of_Mexico.svg.png","Mexique","https://fr.wikipedia.org/wiki/Mexique"
"53","Giuseppe Farina","1950-1955","33","5","15,15 %","https://fr.wikipedia.org/wiki/Giuseppe_Farina","","","https://fr.wikipedia.org/wiki/Fichier:Flag_of_Italy.svg","https://upload.wikimedia.org/wikipedia/commons/thumb/0/03/Flag_of_Italy.svg/20px-Flag_of_Italy.svg.png","Italie","https://fr.wikipedia.org/wiki/Italie"
"54","Keke Rosberg","1978-1986","114","5","4,39 %","https://fr.wikipedia.org/wiki/Keke_Rosberg","","","https://fr.wikipedia.org/wiki/Fichier:Flag_of_Finland.svg","https://upload.wikimedia.org/wikipedia/commons/thumb/b/bc/Flag_of_Finland.svg/20px-Flag_of_Finland.svg.png","Finlande","https://fr.wikipedia.org/wiki/Finlande"
"55","Clay Regazzoni","1970-1980","132","5","3,79 %","https://fr.wikipedia.org/wiki/Clay_Regazzoni","","","https://fr.wikipedia.org/wiki/Fichier:Flag_of_Switzerland.svg","https://upload.wikimedia.org/wikipedia/commons/thumb/f/f3/Flag_of_Switzerland.svg/20px-Flag_of_Switzerland.svg.png","Suisse","https://fr.wikipedia.org/wiki/Suisse"
"56","","1973-1983 ; 1985","152","5","3,29 %","","","","https://fr.wikipedia.org/wiki/Fichier:Flag_of_the_United_Kingdom_(3-5).svg","https://upload.wikimedia.org/wikipedia/commons/thumb/8/83/Flag_of_the_United_Kingdom_%283-5%29.svg/20px-Flag_of_the_United_Kingdom_%283-5%29.svg.png","Royaume-Uni","https://fr.wikipedia.org/wiki/Royaume-Uni"
"57","George Russell","2019-","152","5","3,29 %","https://fr.wikipedia.org/wiki/George_Russell_(pilote_automobile)","https://fr.wikipedia.org/wiki/Fichier:ButtonGreen.svg","https://upload.wikimedia.org/wikipedia/commons/thumb/3/3c/ButtonGreen.svg/20px-ButtonGreen.svg.png","https://fr.wikipedia.org/wiki/Fichier:Flag_of_the_United_Kingdom_(3-5).svg","https://upload.wikimedia.org/wikipedia/commons/thumb/8/83/Flag_of_the_United_Kingdom_%283-5%29.svg/20px-Flag_of_the_United_Kingdom_%283-5%29.svg.png","Royaume-Uni","https://fr.wikipedia.org/wiki/Royaume-Uni"
"58","Michele Alboreto","1981-1994","194","5","2,58 %","https://fr.wikipedia.org/wiki/Michele_Alboreto","","","https://fr.wikipedia.org/wiki/Fichier:Flag_of_Italy.svg","https://upload.wikimedia.org/wikipedia/commons/thumb/0/03/Flag_of_Italy.svg/20px-Flag_of_Italy.svg.png","Italie","https://fr.wikipedia.org/wiki/Italie"
"59","Dan Gurney","1959-1970","86","4","4,65 %","https://fr.wikipedia.org/wiki/Dan_Gurney","https://fr.wikipedia.org/wiki/Fichier:Flag_of_the_United_States.svg","https://upload.wikimedia.org/wikipedia/commons/thumb/a/a4/Flag_of_the_United_States.svg/20px-Flag_of_the_United_States.svg.png","","","États-Unis","https://fr.wikipedia.org/wiki/%C3%89tats-Unis"
"60","Bruce McLaren","1959-1970","98","4","4,08 %","https://fr.wikipedia.org/wiki/Bruce_McLaren","","","https://fr.wikipedia.org/wiki/Fichier:Flag_of_New_Zealand.svg","https://upload.wikimedia.org/wikipedia/commons/thumb/3/3e/Flag_of_New_Zealand.svg/20px-Flag_of_New_Zealand.svg.png","Nouvelle-Zélande","https://fr.wikipedia.org/wiki/Nouvelle-Z%C3%A9lande"
"61","Eddie Irvine","1993-2002","146","4","2,74 %","https://fr.wikipedia.org/wiki/Eddie_Irvine","","","https://fr.wikipedia.org/wiki/Fichier:Flag_of_the_United_Kingdom_(3-5).svg","https://upload.wikimedia.org/wikipedia/commons/thumb/8/83/Flag_of_the_United_Kingdom_%283-5%29.svg/20px-Flag_of_the_United_Kingdom_%283-5%29.svg.png","Royaume-Uni","https://fr.wikipedia.org/wiki/Royaume-Uni"
"62","Carlos Sainz Jr.","2015-","229","4","1,75 %","https://fr.wikipedia.org/wiki/Carlos_Sainz_Jr.","https://fr.wikipedia.org/wiki/Fichier:ButtonGreen.svg","https://upload.wikimedia.org/wikipedia/commons/thumb/3/3c/ButtonGreen.svg/20px-ButtonGreen.svg.png","https://fr.wikipedia.org/wiki/Fichier:Flag_of_Spain.svg","https://upload.wikimedia.org/wikipedia/commons/thumb/9/9a/Flag_of_Spain.svg/20px-Flag_of_Spain.svg.png","Espagne","https://fr.wikipedia.org/wiki/Espagne"
"63","Peter Collins","1952-1958","32","3","9,38 %","https://fr.wikipedia.org/wiki/Peter_Collins_(pilote_automobile)","","","https://fr.wikipedia.org/wiki/Fichier:Flag_of_the_United_Kingdom_(3-5).svg","https://upload.wikimedia.org/wikipedia/commons/thumb/8/83/Flag_of_the_United_Kingdom_%283-5%29.svg/20px-Flag_of_the_United_Kingdom_%283-5%29.svg.png","Royaume-Uni","https://fr.wikipedia.org/wiki/Royaume-Uni"
"64","Mike Hawthorn","1952-1958","45","3","6,67 %","https://fr.wikipedia.org/wiki/Mike_Hawthorn","","","https://fr.wikipedia.org/wiki/Fichier:Flag_of_the_United_Kingdom_(3-5).svg","https://upload.wikimedia.org/wikipedia/commons/thumb/8/83/Flag_of_the_United_Kingdom_%283-5%29.svg/20px-Flag_of_the_United_Kingdom_%283-5%29.svg.png","Royaume-Uni","https://fr.wikipedia.org/wiki/Royaume-Uni"
"65","Phil Hill","1958-1964","47","3","6,38 %","https://fr.wikipedia.org/wiki/Phil_Hill","https://fr.wikipedia.org/wiki/Fichier:Flag_of_the_United_States.svg","https://upload.wikimedia.org/wikipedia/commons/thumb/a/a4/Flag_of_the_United_States.svg/20px-Flag_of_the_United_States.svg.png","","","États-Unis","https://fr.wikipedia.org/wiki/%C3%89tats-Unis"
"66","Didier Pironi","1978-1982","70","3","4,29 %","https://fr.wikipedia.org/wiki/Didier_Pironi","","","https://fr.wikipedia.org/wiki/Fichier:Flag_of_France_(1976%E2%80%932020).svg","https://upload.wikimedia.org/wikipedia/commons/thumb/d/d1/Flag_of_France_%281976%E2%80%932020%29.svg/20px-Flag_of_France_%281976%E2%80%932020%29.svg.png","France","https://fr.wikipedia.org/wiki/France"
"67","Heinz-Harald Frentzen","1994-2003","156","3","1,92 %","https://fr.wikipedia.org/wiki/Heinz-Harald_Frentzen","","","https://fr.wikipedia.org/wiki/Fichier:Flag_of_Germany.svg","https://upload.wikimedia.org/wikipedia/commons/thumb/b/ba/Flag_of_Germany.svg/20px-Flag_of_Germany.svg.png","Allemagne","https://fr.wikipedia.org/wiki/Allemagne"
"68","Johnny Herbert","1989-2000","161","3","1,86 %","https://fr.wikipedia.org/wiki/Johnny_Herbert","","","https://fr.wikipedia.org/wiki/Fichier:Flag_of_the_United_Kingdom_(3-5).svg","https://upload.wikimedia.org/wikipedia/commons/thumb/8/83/Flag_of_the_United_Kingdom_%283-5%29.svg/20px-Flag_of_the_United_Kingdom_%283-5%29.svg.png","Royaume-Uni","https://fr.wikipedia.org/wiki/Royaume-Uni"
"69","Thierry Boutsen","1983-1993","163","3","1,84 %","https://fr.wikipedia.org/wiki/Thierry_Boutsen","","","https://fr.wikipedia.org/wiki/Fichier:Flag_of_Belgium_(civil).svg","https://upload.wikimedia.org/wikipedia/commons/thumb/9/92/Flag_of_Belgium_%28civil%29.svg/20px-Flag_of_Belgium_%28civil%29.svg.png","Belgique","https://fr.wikipedia.org/wiki/Belgique"
"70","Giancarlo Fisichella","1996-2009","229","3","1,31 %","https://fr.wikipedia.org/wiki/Giancarlo_Fisichella","","","https://fr.wikipedia.org/wiki/Fichier:Flag_of_Italy.svg","https://upload.wikimedia.org/wikipedia/commons/thumb/0/03/Flag_of_Italy.svg/20px-Flag_of_Italy.svg.png","Italie","https://fr.wikipedia.org/wiki/Italie"
"71","Bill Vukovich","1951-1955","5","2","40,00 %","https://fr.wikipedia.org/wiki/Bill_Vukovich","https://fr.wikipedia.org/wiki/Fichier:Flag_of_the_United_States.svg","https://upload.wikimedia.org/wikipedia/commons/thumb/a/a4/Flag_of_the_United_States.svg/20px-Flag_of_the_United_States.svg.png","","","États-Unis","https://fr.wikipedia.org/wiki/%C3%89tats-Unis"
"72","José Froilán González","1950-1957 ; 1960","26","2","7,69 %","https://fr.wikipedia.org/wiki/Jos%C3%A9_Froil%C3%A1n_Gonz%C3%A1lez","","","https://fr.wikipedia.org/wiki/Fichier:Flag_of_Argentina.svg","https://upload.wikimedia.org/wikipedia/commons/thumb/1/1a/Flag_of_Argentina.svg/20px-Flag_of_Argentina.svg.png","Argentine","https://fr.wikipedia.org/wiki/Argentine"
"73","Wolfgang von Trips","1957-1961","27","2","7,41 %","https://fr.wikipedia.org/wiki/Wolfgang_von_Trips","","","https://fr.wikipedia.org/wiki/Fichier:Flag_of_Germany.svg","https://upload.wikimedia.org/wikipedia/commons/thumb/b/ba/Flag_of_Germany.svg/20px-Flag_of_Germany.svg.png","Allemagne","https://fr.wikipedia.org/wiki/Allemagne"
"74","Peter Revson","1964 ; 1971-1974","30","2","6,67 %","https://fr.wikipedia.org/wiki/Peter_Revson","https://fr.wikipedia.org/wiki/Fichier:Flag_of_the_United_States.svg","https://upload.wikimedia.org/wikipedia/commons/thumb/a/a4/Flag_of_the_United_States.svg/20px-Flag_of_the_United_States.svg.png","","","États-Unis","https://fr.wikipedia.org/wiki/%C3%89tats-Unis"
"75","Jean-Pierre Jabouille","1975-1981","49","2","4,08 %","https://fr.wikipedia.org/wiki/Jean-Pierre_Jabouille","","","https://fr.wikipedia.org/wiki/Fichier:Flag_of_France_(1976%E2%80%932020).svg","https://upload.wikimedia.org/wikipedia/commons/thumb/d/d1/Flag_of_France_%281976%E2%80%932020%29.svg/20px-Flag_of_France_%281976%E2%80%932020%29.svg.png","France","https://fr.wikipedia.org/wiki/France"
"76","","1963-1971","54","2","3,70 %","","","","https://fr.wikipedia.org/wiki/Fichier:Flag_of_Mexico.svg","https://upload.wikimedia.org/wikipedia/commons/thumb/f/fc/Flag_of_Mexico.svg/20px-Flag_of_Mexico.svg.png","Mexique","https://fr.wikipedia.org/wiki/Mexique"
"77","Maurice Trintignant","1950-1964","81","2","2,47 %","https://fr.wikipedia.org/wiki/Maurice_Trintignant","","","https://fr.wikipedia.org/wiki/Fichier:Flag_of_France_(1976%E2%80%932020).svg","https://upload.wikimedia.org/wikipedia/commons/thumb/d/d1/Flag_of_France_%281976%E2%80%932020%29.svg/20px-Flag_of_France_%281976%E2%80%932020%29.svg.png","France","https://fr.wikipedia.org/wiki/France"
"78","Patrick Depailler","1972-1980","95","2","2,11 %","https://fr.wikipedia.org/wiki/Patrick_Depailler","","","https://fr.wikipedia.org/wiki/Fichier:Flag_of_France_(1976%E2%80%932020).svg","https://upload.wikimedia.org/wikipedia/commons/thumb/d/d1/Flag_of_France_%281976%E2%80%932020%29.svg/20px-Flag_of_France_%281976%E2%80%932020%29.svg.png","France","https://fr.wikipedia.org/wiki/France"
"79","Joseph Siffert","1962-1971","96","2","2,08 %","https://fr.wikipedia.org/wiki/Joseph_Siffert","","","https://fr.wikipedia.org/wiki/Fichier:Flag_of_Switzerland.svg","https://upload.wikimedia.org/wikipedia/commons/thumb/f/f3/Flag_of_Switzerland.svg/20px-Flag_of_Switzerland.svg.png","Suisse","https://fr.wikipedia.org/wiki/Suisse"
"80","Elio De Angelis","1979-1986","108","2","1,85 %","https://fr.wikipedia.org/wiki/Elio_De_Angelis","","","https://fr.wikipedia.org/wiki/Fichier:Flag_of_Italy.svg","https://upload.wikimedia.org/wikipedia/commons/thumb/0/03/Flag_of_Italy.svg/20px-Flag_of_Italy.svg.png","Italie","https://fr.wikipedia.org/wiki/Italie"
"81","Patrick Tambay","1977-1986","114","2","1,75 %","https://fr.wikipedia.org/wiki/Patrick_Tambay","","","https://fr.wikipedia.org/wiki/Fichier:Flag_of_France_(1976%E2%80%932020).svg","https://upload.wikimedia.org/wikipedia/commons/thumb/d/d1/Flag_of_France_%281976%E2%80%932020%29.svg/20px-Flag_of_France_%281976%E2%80%932020%29.svg.png","France","https://fr.wikipedia.org/wiki/France"
"82","Lee Wallard","1950-1951","2","1","50,00 %","https://fr.wikipedia.org/wiki/Lee_Wallard","https://fr.wikipedia.org/wiki/Fichier:Flag_of_the_United_States.svg","https://upload.wikimedia.org/wikipedia/commons/thumb/a/a4/Flag_of_the_United_States.svg/20px-Flag_of_the_United_States.svg.png","","","États-Unis","https://fr.wikipedia.org/wiki/%C3%89tats-Unis"
"83","Bob Sweikert","1952-1956","5","1","20,00 %","https://fr.wikipedia.org/wiki/Bob_Sweikert","https://fr.wikipedia.org/wiki/Fichier:Flag_of_the_United_States.svg","https://upload.wikimedia.org/wikipedia/commons/thumb/a/a4/Flag_of_the_United_States.svg/20px-Flag_of_the_United_States.svg.png","","","États-Unis","https://fr.wikipedia.org/wiki/%C3%89tats-Unis"
"84","Pat Flaherty","1950-1959","5","1","20,00 %","https://fr.wikipedia.org/wiki/Pat_Flaherty_(pilote_automobile)","https://fr.wikipedia.org/wiki/Fichier:Flag_of_the_United_States.svg","https://upload.wikimedia.org/wikipedia/commons/thumb/a/a4/Flag_of_the_United_States.svg/20px-Flag_of_the_United_States.svg.png","","","États-Unis","https://fr.wikipedia.org/wiki/%C3%89tats-Unis"
"85","Luigi Fagioli","1950-1951","7","1","14,29 %","https://fr.wikipedia.org/wiki/Luigi_Fagioli","","","https://fr.wikipedia.org/wiki/Fichier:Flag_of_Italy.svg","https://upload.wikimedia.org/wikipedia/commons/thumb/0/03/Flag_of_Italy.svg/20px-Flag_of_Italy.svg.png","Italie","https://fr.wikipedia.org/wiki/Italie"
"86","Troy Ruttman","1950-1960","8","1","12,50 %","https://fr.wikipedia.org/wiki/Troy_Ruttman","https://fr.wikipedia.org/wiki/Fichier:Flag_of_the_United_States.svg","https://upload.wikimedia.org/wikipedia/commons/thumb/a/a4/Flag_of_the_United_States.svg/20px-Flag_of_the_United_States.svg.png","","","États-Unis","https://fr.wikipedia.org/wiki/%C3%89tats-Unis"
"87","Sam Hanks","1950-1957","8","1","12,50 %","https://fr.wikipedia.org/wiki/Sam_Hanks","https://fr.wikipedia.org/wiki/Fichier:Flag_of_the_United_States.svg","https://upload.wikimedia.org/wikipedia/commons/thumb/a/a4/Flag_of_the_United_States.svg/20px-Flag_of_the_United_States.svg.png","","","États-Unis","https://fr.wikipedia.org/wiki/%C3%89tats-Unis"
"88","Johnnie Parsons","1950-1958","9","1","11,11 %","https://fr.wikipedia.org/wiki/Johnnie_Parsons","https://fr.wikipedia.org/wiki/Fichier:Flag_of_the_United_States.svg","https://upload.wikimedia.org/wikipedia/commons/thumb/a/a4/Flag_of_the_United_States.svg/20px-Flag_of_the_United_States.svg.png","","","États-Unis","https://fr.wikipedia.org/wiki/%C3%89tats-Unis"
"89","Jimmy Bryan","1952-1960","9","1","11,11 %","https://fr.wikipedia.org/wiki/Jimmy_Bryan","https://fr.wikipedia.org/wiki/Fichier:Flag_of_the_United_States.svg","https://upload.wikimedia.org/wikipedia/commons/thumb/a/a4/Flag_of_the_United_States.svg/20px-Flag_of_the_United_States.svg.png","","","États-Unis","https://fr.wikipedia.org/wiki/%C3%89tats-Unis"
"90","Ludovico Scarfiotti","1963-1968","10","1","10,00 %","https://fr.wikipedia.org/wiki/Ludovico_Scarfiotti","","","https://fr.wikipedia.org/wiki/Fichier:Flag_of_Italy.svg","https://upload.wikimedia.org/wikipedia/commons/thumb/0/03/Flag_of_Italy.svg/20px-Flag_of_Italy.svg.png","Italie","https://fr.wikipedia.org/wiki/Italie"
"91","Jim Rathmann","1950-1960","10","1","10,00 %","https://fr.wikipedia.org/wiki/Jim_Rathmann","https://fr.wikipedia.org/wiki/Fichier:Flag_of_the_United_States.svg","https://upload.wikimedia.org/wikipedia/commons/thumb/a/a4/Flag_of_the_United_States.svg/20px-Flag_of_the_United_States.svg.png","","","États-Unis","https://fr.wikipedia.org/wiki/%C3%89tats-Unis"
"92","Rodger Ward","1951-1963","12","1","8,33 %","https://fr.wikipedia.org/wiki/Rodger_Ward","https://fr.wikipedia.org/wiki/Fichier:Flag_of_the_United_States.svg","https://upload.wikimedia.org/wikipedia/commons/thumb/a/a4/Flag_of_the_United_States.svg/20px-Flag_of_the_United_States.svg.png","","","États-Unis","https://fr.wikipedia.org/wiki/%C3%89tats-Unis"
"93","Piero Taruffi","1950-1956","18","1","5,56 %","https://fr.wikipedia.org/wiki/Piero_Taruffi","","","https://fr.wikipedia.org/wiki/Fichier:Flag_of_Italy.svg","https://upload.wikimedia.org/wikipedia/commons/thumb/0/03/Flag_of_Italy.svg/20px-Flag_of_Italy.svg.png","Italie","https://fr.wikipedia.org/wiki/Italie"
"94","Giancarlo Baghetti","1961-1967","21","1","4,76 %","https://fr.wikipedia.org/wiki/Giancarlo_Baghetti","","","https://fr.wikipedia.org/wiki/Fichier:Flag_of_Italy.svg","https://upload.wikimedia.org/wikipedia/commons/thumb/0/03/Flag_of_Italy.svg/20px-Flag_of_Italy.svg.png","Italie","https://fr.wikipedia.org/wiki/Italie"
"95","Luigi Musso","1953-1958","24","1","4,17 %","https://fr.wikipedia.org/wiki/Luigi_Musso","","","https://fr.wikipedia.org/wiki/Fichier:Flag_of_Italy.svg","https://upload.wikimedia.org/wikipedia/commons/thumb/0/03/Flag_of_Italy.svg/20px-Flag_of_Italy.svg.png","Italie","https://fr.wikipedia.org/wiki/Italie"
"96","Peter Gethin","1970-1974","30","1","3,33 %","https://fr.wikipedia.org/wiki/Peter_Gethin","","","https://fr.wikipedia.org/wiki/Fichier:Flag_of_the_United_Kingdom_(3-5).svg","https://upload.wikimedia.org/wikipedia/commons/thumb/8/83/Flag_of_the_United_Kingdom_%283-5%29.svg/20px-Flag_of_the_United_Kingdom_%283-5%29.svg.png","Royaume-Uni","https://fr.wikipedia.org/wiki/Royaume-Uni"
"97","Gunnar Nilsson","1976-1977","31","1","3,23 %","https://fr.wikipedia.org/wiki/Gunnar_Nilsson_(pilote_automobile)","","","https://fr.wikipedia.org/wiki/Fichier:Flag_of_Sweden.svg","https://upload.wikimedia.org/wikipedia/commons/thumb/4/4c/Flag_of_Sweden.svg/20px-Flag_of_Sweden.svg.png","Suède","https://fr.wikipedia.org/wiki/Su%C3%A8de"
"98","Lorenzo Bandini","1961-1967","42","1","2,38 %","https://fr.wikipedia.org/wiki/Lorenzo_Bandini","","","https://fr.wikipedia.org/wiki/Fichier:Flag_of_Italy.svg","https://upload.wikimedia.org/wikipedia/commons/thumb/0/03/Flag_of_Italy.svg/20px-Flag_of_Italy.svg.png","Italie","https://fr.wikipedia.org/wiki/Italie"
"99","François Cevert","1970-1973","46","1","2,17 %","https://fr.wikipedia.org/wiki/Fran%C3%A7ois_Cevert","","","https://fr.wikipedia.org/wiki/Fichier:Flag_of_France_(1976%E2%80%932020).svg","https://upload.wikimedia.org/wikipedia/commons/thumb/d/d1/Flag_of_France_%281976%E2%80%932020%29.svg/20px-Flag_of_France_%281976%E2%80%932020%29.svg.png","France","https://fr.wikipedia.org/wiki/France"
"100","Innes Ireland","1959-1966","50","1","2,00 %","https://fr.wikipedia.org/wiki/Innes_Ireland","","","https://fr.wikipedia.org/wiki/Fichier:Flag_of_the_United_Kingdom_(3-5).svg","https://upload.wikimedia.org/wikipedia/commons/thumb/8/83/Flag_of_the_United_Kingdom_%283-5%29.svg/20px-Flag_of_the_United_Kingdom_%283-5%29.svg.png","Royaume-Uni","https://fr.wikipedia.org/wiki/Royaume-Uni"
"101","Richie Ginther","1960-1966","52","1","1,92 %","https://fr.wikipedia.org/wiki/Richie_Ginther","https://fr.wikipedia.org/wiki/Fichier:Flag_of_the_United_States.svg","https://upload.wikimedia.org/wikipedia/commons/thumb/a/a4/Flag_of_the_United_States.svg/20px-Flag_of_the_United_States.svg.png","","","États-Unis","https://fr.wikipedia.org/wiki/%C3%89tats-Unis"
"102","Carlos Pace","1972-1977","72","1","1,39 %","https://fr.wikipedia.org/wiki/Jos%C3%A9_Carlos_Pace","","","https://fr.wikipedia.org/wiki/Fichier:Flag_of_Brazil.svg","https://upload.wikimedia.org/wikipedia/commons/thumb/0/05/Flag_of_Brazil.svg/20px-Flag_of_Brazil.svg.png","Brésil","https://fr.wikipedia.org/wiki/Br%C3%A9sil"
"103","Vittorio Brambilla","1974-1980","74","1","1,35 %","https://fr.wikipedia.org/wiki/Vittorio_Brambilla","","","https://fr.wikipedia.org/wiki/Fichier:Flag_of_Italy.svg","https://upload.wikimedia.org/wikipedia/commons/thumb/0/03/Flag_of_Italy.svg/20px-Flag_of_Italy.svg.png","Italie","https://fr.wikipedia.org/wiki/Italie"
"104","Alessandro Nannini","1986-1990","76","1","1,32 %","https://fr.wikipedia.org/wiki/Alessandro_Nannini","","","https://fr.wikipedia.org/wiki/Fichier:Flag_of_Italy.svg","https://upload.wikimedia.org/wikipedia/commons/thumb/0/03/Flag_of_Italy.svg/20px-Flag_of_Italy.svg.png","Italie","https://fr.wikipedia.org/wiki/Italie"
"105","Jean-Pierre Beltoise","1967-1974","85","1","1,18 %","https://fr.wikipedia.org/wiki/Jean-Pierre_Beltoise","","","https://fr.wikipedia.org/wiki/Fichier:Flag_of_France_(1976%E2%80%932020).svg","https://upload.wikimedia.org/wikipedia/commons/thumb/d/d1/Flag_of_France_%281976%E2%80%932020%29.svg/20px-Flag_of_France_%281976%E2%80%932020%29.svg.png","France","https://fr.wikipedia.org/wiki/France"
"106","Pastor Maldonado","2011-2015","95","1","1,05 %","https://fr.wikipedia.org/wiki/Pastor_Maldonado","","","https://fr.wikipedia.org/wiki/Fichier:Flag_of_Venezuela.svg","https://upload.wikimedia.org/wikipedia/commons/thumb/0/06/Flag_of_Venezuela.svg/20px-Flag_of_Venezuela.svg.png","Venezuela","https://fr.wikipedia.org/wiki/Venezuela"
"107","Robert Kubica","2006-2010 ; 2019 ; 2021","99","1","1,01 %","https://fr.wikipedia.org/wiki/Robert_Kubica","","","https://fr.wikipedia.org/wiki/Fichier:Flag_of_Poland.svg","https://upload.wikimedia.org/wikipedia/commons/thumb/1/12/Flag_of_Poland.svg/20px-Flag_of_Poland.svg.png","Pologne","https://fr.wikipedia.org/wiki/Pologne"
"108","Joakim Bonnier","1956-1971","104","1","0,96 %","https://fr.wikipedia.org/wiki/Joakim_Bonnier","","","https://fr.wikipedia.org/wiki/Fichier:Flag_of_Sweden.svg","https://upload.wikimedia.org/wikipedia/commons/thumb/4/4c/Flag_of_Sweden.svg/20px-Flag_of_Sweden.svg.png","Suède","https://fr.wikipedia.org/wiki/Su%C3%A8de"
"109","Jochen Mass","1973-1982","105","1","0,95 %","https://fr.wikipedia.org/wiki/Jochen_Mass","","","https://fr.wikipedia.org/wiki/Fichier:Flag_of_Germany.svg","https://upload.wikimedia.org/wikipedia/commons/thumb/b/ba/Flag_of_Germany.svg/20px-Flag_of_Germany.svg.png","Allemagne","https://fr.wikipedia.org/wiki/Allemagne"
"110","Heikki Kovalainen","2007-2012","111","1","0,90 %","https://fr.wikipedia.org/wiki/Heikki_Kovalainen","","","https://fr.wikipedia.org/wiki/Fichier:Flag_of_Finland.svg","https://upload.wikimedia.org/wikipedia/commons/thumb/b/bc/Flag_of_Finland.svg/20px-Flag_of_Finland.svg.png","Finlande","https://fr.wikipedia.org/wiki/Finlande"
"111","Olivier Panis","1994-1999 ; 2001-2004","158","1","0,63 %","https://fr.wikipedia.org/wiki/Olivier_Panis","","","https://fr.wikipedia.org/wiki/Fichier:Flag_of_France_(1976%E2%80%932020).svg","https://upload.wikimedia.org/wikipedia/commons/thumb/d/d1/Flag_of_France_%281976%E2%80%932020%29.svg/20px-Flag_of_France_%281976%E2%80%932020%29.svg.png","France","https://fr.wikipedia.org/wiki/France"
"112","Pierre Gasly","2017-","177","1","0,56 %","https://fr.wikipedia.org/wiki/Pierre_Gasly","https://fr.wikipedia.org/wiki/Fichier:ButtonGreen.svg","https://upload.wikimedia.org/wikipedia/commons/thumb/3/3c/ButtonGreen.svg/20px-ButtonGreen.svg.png","https://fr.wikipedia.org/wiki/Fichier:Flag_of_France_(1976%E2%80%932020).svg","https://upload.wikimedia.org/wikipedia/commons/thumb/d/d1/Flag_of_France_%281976%E2%80%932020%29.svg/20px-Flag_of_France_%281976%E2%80%932020%29.svg.png","France","https://fr.wikipedia.org/wiki/France"
"113","Esteban Ocon","2016-2018 ; 2020-","180","1","0,56%","https://fr.wikipedia.org/wiki/Esteban_Ocon","https://fr.wikipedia.org/wiki/Fichier:ButtonGreen.svg","https://upload.wikimedia.org/wikipedia/commons/thumb/3/3c/ButtonGreen.svg/20px-ButtonGreen.svg.png","https://fr.wikipedia.org/wiki/Fichier:Flag_of_France_(1976%E2%80%932020).svg","https://upload.wikimedia.org/wikipedia/commons/thumb/d/d1/Flag_of_France_%281976%E2%80%932020%29.svg/20px-Flag_of_France_%281976%E2%80%932020%29.svg.png","France","https://fr.wikipedia.org/wiki/France"
"114","Jean Alesi","1989-2001","201","1","0,50 %","https://fr.wikipedia.org/wiki/Jean_Alesi","","","https://fr.wikipedia.org/wiki/Fichier:Flag_of_France_(1976%E2%80%932020).svg","https://upload.wikimedia.org/wikipedia/commons/thumb/d/d1/Flag_of_France_%281976%E2%80%932020%29.svg/20px-Flag_of_France_%281976%E2%80%932020%29.svg.png","France","https://fr.wikipedia.org/wiki/France"
"115","Jarno Trulli","1997-2011","252","1","0,40 %","https://fr.wikipedia.org/wiki/Jarno_Trulli","","","https://fr.wikipedia.org/wiki/Fichier:Flag_of_Italy.svg","https://upload.wikimedia.org/wikipedia/commons/thumb/0/03/Flag_of_Italy.svg/20px-Flag_of_Italy.svg.png","Italie","https://fr.wikipedia.org/wiki/Italie"