"Constructor Name","Constructor URL","Engine Manufacturer","Licensed In Country","Base Country","Seasons Active","Wins"
"Alpine","https://en.wikipedia.org/wiki/Alpine_F1_Team","Mercedes","France","United Kingdom","2021–present","1"
"Aston Martin","https://en.wikipedia.org/wiki/Aston_Martin_in_Formula_One","Honda","United Kingdom","United Kingdom","1959–1960, 2021–present","0"
"Audi","https://en.wikipedia.org/wiki/Audi_in_Formula_One","Audi","Germany","Germany","2026–present","0"
"Cadillac","https://en.wikipedia.org/wiki/Cadillac_in_Formula_One","Ferrari","USA","USA","2026–present","0"
"Ferrari","https://en.wikipedia.org/wiki/Scuderia_Ferrari","Ferrari","Italy","Italy","1950–present","248"
"Haas","https://en.wikipedia.org/wiki/Haas_F1_Team","Ferrari","United States","United States","2016–present","0"
"McLaren","https://en.wikipedia.org/wiki/McLaren","Mercedes","United Kingdom","United Kingdom","1966–present","203"
"Mercedes","https://en.wikipedia.org/wiki/Mercedes-Benz_in_Formula_One","Mercedes","Germany","United Kingdom","1954–1955, 2010–present","131"
"Racing Bulls","https://en.wikipedia.org/wiki/Racing_Bulls","Red Bull Ford","Italy","Italy","2024–present","0"
"Red Bull Racing","https://en.wikipedia.org/wiki/Red_Bull_Racing","Red Bull Ford","Austria","United Kingdom","2005–present","130"
"Williams","https://en.wikipedia.org/wiki/Williams_Grand_Prix_Engineering","Mercedes","United Kingdom","United Kingdom","1978–present","114"
"Alex von Falkenhausen Motorenbau","https://en.wikipedia.org/wiki/Alex_von_Falkenhausen_Motorenbau","","Germany","","1952–1953","0"
"Automobiles Gonfaronnaises Sportives","https://en.wikipedia.org/wiki/Automobiles_Gonfaronnaises_Sportives","","France","","1986–1991","0"
"Alfa Romeo","https://en.wikipedia.org/wiki/Alfa_Romeo_in_Formula_One","","Italy","","1950–1951, 1979–1985, 2019–2023","10"
"Alfa Special","https://en.wikipedia.org/wiki/Alfa_Special","","South Africa","","1963, 1965","0"
"AlphaTauri","https://en.wikipedia.org/wiki/Scuderia_AlphaTauri","","Italy","","2020–2023","1"
"Alta","https://en.wikipedia.org/wiki/Alta_Car_and_Engineering_Company","","United Kingdom","","1950–1952","0"
"Amon","https://en.wikipedia.org/wiki/Amon_(Formula_One_team)","","New Zealand","","1974","0"
"Andrea Moda","https://en.wikipedia.org/wiki/Andrea_Moda_Formula","","Italy","","1992","0"
"Apollon","https://en.wikipedia.org/wiki/Apollon_(Formula_One)","","Switzerland","","1977","0"
"Arrows","https://en.wikipedia.org/wiki/Arrows_Grand_Prix_International","","United Kingdom","","1978–2002","0"
"Arzani-Volpini","https://en.wikipedia.org/wiki/Arzani-Volpini","","Italy","","1955","0"
"Aston Butterworth","https://en.wikipedia.org/wiki/Aston_Butterworth","","United Kingdom","","1952","0"
"Automobili Turismo e Sport","https://en.wikipedia.org/wiki/Automobili_Turismo_e_Sport","","Italy","","1963","0"
"Auto Technisches Spezialzubehör","https://en.wikipedia.org/wiki/ATS_(wheels)","","Germany","","1977–1984","0"
"British American Racing","https://en.wikipedia.org/wiki/British_American_Racing","","United Kingdom","","1999–2005","0"
"Behra-Porsche","https://en.wikipedia.org/wiki/Behra-Porsche","","Germany","","1959–1960","0"
"Bellasi","https://en.wikipedia.org/wiki/Bellasi","","Switzerland","","1970–1971","0"
"Benetton","https://en.wikipedia.org/wiki/Benetton_Formula","","United Kingdom","","1986–2001","27"
"Boro","https://en.wikipedia.org/wiki/Boro_(Formula_One)","","Netherlands","","1976–1977","0"
"Brabham","https://en.wikipedia.org/wiki/Brabham","","United Kingdom","","1962–1987, 1989–1992","35"
"Brawn GP","https://en.wikipedia.org/wiki/Brawn_GP","","United Kingdom","","2009","8"
"British Racing Motors","https://en.wikipedia.org/wiki/British_Racing_Motors","","United Kingdom","","1951, 1956–1977","17"
"British Racing Partnership","https://en.wikipedia.org/wiki/British_Racing_Partnership","","United Kingdom","","1963–1964","0"
"Bugatti","https://en.wikipedia.org/wiki/Bugatti","","France","","1956","0"
"Caterham","https://en.wikipedia.org/wiki/Caterham_F1","","Malaysia","","2012–2014","0"
"Cisitalia","https://en.wikipedia.org/wiki/Cisitalia","","Italy","","1952","0"
"Coloni","https://en.wikipedia.org/wiki/Enzo_Coloni_Racing_Car_Systems","","Italy","","1987–1991","0"
"Connaught","https://en.wikipedia.org/wiki/Connaught_Engineering","","United Kingdom","","1952–1959","0"
"Connew","https://en.wikipedia.org/wiki/Connew","","United Kingdom","","1972","0"
"Cooper Car Company","https://en.wikipedia.org/wiki/Cooper_Car_Company","","United Kingdom","","1950, 1952–1969","16"
"Dallara","https://en.wikipedia.org/wiki/Dallara","","Italy","","1988–1992","0"
"De Tomaso","https://en.wikipedia.org/wiki/De_Tomaso","","Italy","","1961–1963, 1970","0"
"Eagle","https://en.wikipedia.org/wiki/All_American_Racers","","United States","","1966–1969","1"
"Eifelland","https://en.wikipedia.org/wiki/Eifelland","","Germany","","1972","0"
"Emeryson","https://en.wikipedia.org/wiki/Emeryson","","United Kingdom","","1956, 1961–1962","0"
"Eisenacher Motorenwerk","https://en.wikipedia.org/wiki/Eisenacher_Motorenwerk","","East Germany","","1953","0"
"Ecurie Nationale Belge","https://en.wikipedia.org/wiki/Ecurie_Nationale_Belge","","Belgium","","1962","0"
"Ensign","https://en.wikipedia.org/wiki/Ensign_(racing_team)","","United Kingdom","","1973–1982","0"
"English Racing Automobiles","https://en.wikipedia.org/wiki/English_Racing_Automobiles","","United Kingdom","","1950–1952","0"
"EuroBrun","https://en.wikipedia.org/wiki/EuroBrun","","Italy","","1988–1990","0"
"Ferguson Research Ltd.","https://en.wikipedia.org/wiki/Ferguson_Research_Ltd.","","United Kingdom","","1961","0"
"FIRST","https://en.wikipedia.org/wiki/FIRST_(constructor)","","Italy","","1989","0"
"Fittipaldi Automotive","https://en.wikipedia.org/wiki/Fittipaldi_Automotive","","Brazil","","1975–1982","0"
"Fondmetal","https://en.wikipedia.org/wiki/Fondmetal","","Italy","","1991–1992","0"
"Force India","https://en.wikipedia.org/wiki/Force_India","","India","","2008–2018","0"
"Forti","https://en.wikipedia.org/wiki/Forti","","Italy","","1995–1996","0"
"Frank Williams Racing Cars","https://en.wikipedia.org/wiki/Frank_Williams_Racing_Cars","","United Kingdom","","1972–1976","0"
"Frazer-Nash","https://en.wikipedia.org/wiki/Frazer_Nash","","United Kingdom","","1952","0"
"Fry","https://en.wikipedia.org/wiki/Fry_(racing_team)","","United Kingdom","","1959","0"
"Gilby Engineering","https://en.wikipedia.org/wiki/Gilby_Engineering","","United Kingdom","","1961–1963","0"
"Gordini","https://en.wikipedia.org/wiki/Gordini","","France","","1952–1956","0"
"Greifzu","https://en.wikipedia.org/wiki/Paul_Greifzu","","East Germany","","1953","0"
"Hesketh","https://en.wikipedia.org/wiki/Hesketh_Racing","","United Kingdom","","1974–1978","1"
"Hill","https://en.wikipedia.org/wiki/Embassy_Hill","","United Kingdom","","1975","0"
"HRT","https://en.wikipedia.org/wiki/HRT_Formula_1_Team","","Spain","","2010–2012","0"
"Honda","https://en.wikipedia.org/wiki/Honda_in_Formula_One","","Japan","","1964–1968, 2006–2008","3"
"HWM","https://en.wikipedia.org/wiki/Hersham_and_Walton_Motors","","United Kingdom","","1951–1955","0"
"Jaguar","https://en.wikipedia.org/wiki/Jaguar_Racing","","United Kingdom","","2000–2004","0"
"JBW","https://en.wikipedia.org/wiki/JBW","","United Kingdom","","1959–1961","0"
"Jordan","https://en.wikipedia.org/wiki/Jordan_Grand_Prix","","Ireland","","1991–2005","4"
"Kauhsen","https://en.wikipedia.org/wiki/Kauhsen","","Germany","","1979","0"
"Klenk","https://en.wikipedia.org/wiki/Klenk","","Germany","","1954","0"
"Kojima","https://en.wikipedia.org/wiki/Kojima_Engineering","","Japan","","1976–1977","0"
"Kurtis Kraft","https://en.wikipedia.org/wiki/Kurtis_Kraft","","United States","","1950–1960","5"
"Lambo","https://en.wikipedia.org/wiki/Modena_(racing_team)","","Italy","","1991","0"
"Lancia","https://en.wikipedia.org/wiki/Scuderia_Lancia","","Italy","","1954–1955","0"
"Larrousse","https://en.wikipedia.org/wiki/Larrousse","","France","","1993–1994","0"
"LDS","https://en.wikipedia.org/wiki/LDS_(automobile)","","South Africa","","1962–1963, 1965, 1967–1968","0"
"LEC","https://en.wikipedia.org/wiki/LEC_Refrigeration_Racing","","United Kingdom","","1977","0"
"Leyton House","https://en.wikipedia.org/wiki/Leyton_House_Racing","","United Kingdom","","1990–1991","0"
"Life","https://en.wikipedia.org/wiki/Life_(Racing_Team)","","Italy","","1990","0"
"Ligier/Talbot Ligier","https://en.wikipedia.org/wiki/Equipe_Ligier","","France","","1976–1996","9"
"Lola","https://en.wikipedia.org/wiki/Lola_Cars","","United Kingdom","","1962–1963, 1967–1968, 1974–1975, 1985–1991, 1993, 1997","0"
"Lotus (1958–1994)","https://en.wikipedia.org/wiki/Team_Lotus","","United Kingdom","","1958–1994","79"
"Lotus (2010–2011)","https://en.wikipedia.org/wiki/Team_Lotus_(2010%E2%80%9311)","","Malaysia","","2010–2011","0"
"Lotus (2012–2015)","https://en.wikipedia.org/wiki/Lotus_F1","","United Kingdom","","2012–2015","2"
"Lyncar","https://en.wikipedia.org/wiki/Lyncar","","United Kingdom","","1974–1975","0"
"Maki","https://en.wikipedia.org/wiki/Maki_(constructor)","","Japan","","1974–1976","0"
"Manor","https://en.wikipedia.org/wiki/Manor_Racing","","United Kingdom","","2016","0"
"March","https://en.wikipedia.org/wiki/March_Engineering","","United Kingdom","","1970–1977, 1981–1982, 1987–1989, 1992","3"
"Martini","https://en.wikipedia.org/wiki/Martini_(cars)","","France","","1978","0"
"Marussia","https://en.wikipedia.org/wiki/Marussia_F1","","Russia","","2012–2015","0"
"Maserati","https://en.wikipedia.org/wiki/Maserati_in_motorsport#Formula_One","","Italy","","1950–1960","9"
"Matra","https://en.wikipedia.org/wiki/Equipe_Matra_Sports","","France","","1967–1972","9"
"MBM","https://en.wikipedia.org/wiki/MBM_(automobile)","","Switzerland","","1961","0"
"McGuire","https://en.wikipedia.org/wiki/McGuire_(Formula_One)","","Australia","","1977","0"
"Merzario","https://en.wikipedia.org/wiki/Merzario","","Italy","","1978–1979","0"
"Midland","https://en.wikipedia.org/wiki/Midland_F1_Racing","","Russia","","2006","0"
"Milano","https://en.wikipedia.org/wiki/Milano_(racing_team)","","Italy","","1950","0"
"Minardi","https://en.wikipedia.org/wiki/Minardi","","Italy","","1985–2005","0"
"Onyx","https://en.wikipedia.org/wiki/Onyx_Grand_Prix","","United Kingdom","","1989–1990","0"
"O.S.C.A.","https://en.wikipedia.org/wiki/O.S.C.A.","","Italy","","1951–1953, 1958","0"
"Osella","https://en.wikipedia.org/wiki/Osella","","Italy","","1980–1990","0"
"Pacific","https://en.wikipedia.org/wiki/Pacific_Racing","","United Kingdom","","1994–1995","0"
"Parnelli","https://en.wikipedia.org/wiki/Vel%27s_Parnelli_Jones_Racing","","United States","","1974–1976","0"
"Penske","https://en.wikipedia.org/wiki/Penske_Racing","","United States","","1974–1977","1"
"Porsche","https://en.wikipedia.org/wiki/Porsche_in_motorsport#Formula_One","","Germany","","1957–1964","1"
"Prost","https://en.wikipedia.org/wiki/Prost_Grand_Prix","","France","","1997–2001","0"
"RAM","https://en.wikipedia.org/wiki/RAM_Racing","","United Kingdom","","1983–1985","0"
"Racing Point Force India","https://en.wikipedia.org/wiki/Racing_Point_Force_India","","United Kingdom","","2018","0"
"Racing Point","https://en.wikipedia.org/wiki/Racing_Point_F1_Team","","United Kingdom","","2019–2020","1"
"RE","https://en.wikipedia.org/wiki/RE_(automobile)","","Rhodesia","","1965","0"
"Renault","https://en.wikipedia.org/wiki/Renault_in_Formula_One","","France","","1977–1985, 2002–2011, 2016–2020","35"
"Rebaque","https://en.wikipedia.org/wiki/Rebaque","","Mexico","","1979","0"
"Rial","https://en.wikipedia.org/wiki/Rial_Racing","","Germany","","1988–1989","0"
"Sauber/BMW Sauber/Kick Sauber","https://en.wikipedia.org/wiki/Sauber","","Switzerland","","1993–2018, 2024–2025","1"
"Scarab","https://en.wikipedia.org/wiki/Scarab_(constructor)","","United States","","1960","0"
"Scirocco","https://en.wikipedia.org/wiki/Scirocco-Powell","","United Kingdom","","1963–1964","0"
"Shadow","https://en.wikipedia.org/wiki/Shadow_Racing_Cars","","United States","","1973–1980","1"
"Shannon","https://en.wikipedia.org/wiki/Shannon_(Formula_One)","","United Kingdom","","1966","0"
"Simca-Gordini","https://en.wikipedia.org/wiki/Simca-Gordini","","France","","1950–1953","0"
"Simtek","https://en.wikipedia.org/wiki/Simtek","","United Kingdom","","1994–1995","0"
"Spirit","https://en.wikipedia.org/wiki/Spirit_(racing_team)","","United Kingdom","","1983–1985","0"
"Spyker","https://en.wikipedia.org/wiki/Spyker_F1","","Netherlands","","2007","0"
"Stebro","https://en.wikipedia.org/wiki/Stebro","","Canada","","1963","0"
"Stewart","https://en.wikipedia.org/wiki/Stewart_Grand_Prix","","United Kingdom","","1997–1999","1"
"Super Aguri","https://en.wikipedia.org/wiki/Super_Aguri","","Japan","","2006–2008","0"
"Surtees","https://en.wikipedia.org/wiki/Surtees_Racing_Organisation","","United Kingdom","","1970–1978","0"
"SVA","https://en.wikipedia.org/wiki/Societ%C3%A0_Valdostana_Automobili","","Italy","","1950","0"
"Talbot-Lago","https://en.wikipedia.org/wiki/Talbot-Lago","","France","","1950–1951","0"
"Tec-Mec","https://en.wikipedia.org/wiki/Tec-Mec","","United States","","1959","0"
"Tecno","https://en.wikipedia.org/wiki/Tecno_(motorsport)","","Italy","","1972–1973","0"
"Theodore","https://en.wikipedia.org/wiki/Theodore_Racing","","Hong Kong","","1978, 1981–1983","0"
"Token","https://en.wikipedia.org/wiki/Token_Racing","","United Kingdom","","1974","0"
"Toleman","https://en.wikipedia.org/wiki/Toleman","","United Kingdom","","1981–1985","0"
"Toro Rosso","https://en.wikipedia.org/wiki/Scuderia_Toro_Rosso","","Italy","","2006–2019","1"
"Toyota","https://en.wikipedia.org/wiki/Toyota_F1","","Japan","","2002–2009","0"
"Trojan","https://en.wikipedia.org/wiki/Trojan%E2%80%93Tauranac_Racing","","United Kingdom","","1974","0"
"Tyrrell","https://en.wikipedia.org/wiki/Tyrrell_Racing","","United Kingdom","","1970–1998","23"
"Vanwall","https://en.wikipedia.org/wiki/Vanwall","","United Kingdom","","1954–1960","9"
"Venturi","https://en.wikipedia.org/wiki/Venturi_Automobiles","","France","","1992","0"
"Veritas","https://en.wikipedia.org/wiki/Veritas_(automobile)","","Germany","","1951–1953","0"
"Virgin","https://en.wikipedia.org/wiki/Virgin_Racing","","United Kingdom","","2010–2011","0"
"Wolf","https://en.wikipedia.org/wiki/Walter_Wolf_Racing","","Canada","","1977–1979","3"
"Zakspeed","https://en.wikipedia.org/wiki/Zakspeed","","Germany","","1985–1989","0"
"Adams","https://en.wikipedia.org/wiki/Adams_(constructor)","","United States","United States","",""
"Bromme","https://en.wikipedia.org/wiki/Bromme","","United States","United States","",""
"Christensen","https://en.wikipedia.org/wiki/Christensen_(constructor)","","United States","United States","",""
"Emil Diedt","https://en.wikipedia.org/wiki/Emil_Diedt","","United States","United States","",""
"Frank DelRoy","https://en.wikipedia.org/wiki/Frank_DelRoy","","United States","United States","",""
"Dunn","https://en.wikipedia.org/wiki/Dunn_Engineering","","United States","United States","",""
"Elder","https://en.wikipedia.org/wiki/Elder_(constructor)","","United States","United States","",""
"Quin Epperly","https://en.wikipedia.org/wiki/Quin_Epperly","","United States","United States","",""
"Wayne Ewing","https://en.wikipedia.org/wiki/Wayne_Ewing","","United States","United States","",""
"Hall","","","United States","United States","",""
"Eddie Kuzma","https://en.wikipedia.org/wiki/Eddie_Kuzma","","United States","United States","",""
"Langley","https://en.wikipedia.org/wiki/Langley_(constructor)","","United States","United States","",""
"Lesovsky","https://en.wikipedia.org/wiki/Lesovsky","","United States","United States","",""
"Carl Marchese","https://en.wikipedia.org/wiki/Carl_Marchese","","United States","United States","",""
"Meskowski","https://en.wikipedia.org/wiki/Meskowski","","United States","United States","",""
"Lou Moore","https://en.wikipedia.org/wiki/Lou_Moore","","United States","United States","",""
"Nichels","https://en.wikipedia.org/wiki/Nichels","","United States","United States","",""
"Olson","https://en.wikipedia.org/wiki/Olson_(constructor)","","United States","United States","",""
"Pankratz","https://en.wikipedia.org/wiki/Pankratz","","United States","United States","",""
"Pawl","https://en.wikipedia.org/wiki/Pawl_(constructor)","","United States","United States","",""
"Phillips","https://en.wikipedia.org/wiki/Phillips_(constructor)","","United States","United States","",""
"Johnny Rae","https://en.wikipedia.org/wiki/Johnny_Rae_(motorsport)","","United States","United States","",""
"George Salih","https://en.wikipedia.org/wiki/George_Salih","","United States","United States","",""
"Schroeder","https://en.wikipedia.org/wiki/Schroeder_(constructor)","","United States","United States","",""
"Sherman","https://en.wikipedia.org/wiki/Sherman_(constructor)","","United States","United States","",""
"Russ Snowberger","https://en.wikipedia.org/wiki/Russ_Snowberger","","United States","United States","",""
"Stevens","https://en.wikipedia.org/wiki/Stevens_(constructor)","","United States","United States","",""
"Sutton","https://en.wikipedia.org/wiki/Sutton_(constructor)","","United States","United States","",""
"Trevis","https://en.wikipedia.org/wiki/Trevis_(constructor)","","United States","United States","",""
"Turner","","","United States","United States","",""
"A. J. Watson","https://en.wikipedia.org/wiki/A._J._Watson","","United States","United States","",""
"Wetteroth","https://en.wikipedia.org/wiki/Wetteroth","","United States","United States","",""
"AE Moss","https://en.wikipedia.org/wiki/Alfred_Moss","","United Kingdom","","1954",""
"Bernard White Racing","https://en.wikipedia.org/wiki/Bernard_White_Racing","","United Kingdom","","1966–1968",""
"BMS Scuderia Italia","https://en.wikipedia.org/wiki/BMS_Scuderia_Italia","","Italy","","1988–1993",""
"British Formula One Racing Team","https://en.wikipedia.org/wiki/British_Formula_One_Racing_Team","","United Kingdom","","1977",""
"BS Fabrications","https://en.wikipedia.org/wiki/BS_Fabrications","","United Kingdom","","1976–1978",""
"Camoradi International","https://en.wikipedia.org/wiki/Camoradi_International","","United States","","1959–1961",""
"DW Racing Enterprises","https://en.wikipedia.org/wiki/DW_Racing_Enterprises","","United Kingdom","","1963–1967",""
"Ecurie Belge","https://en.wikipedia.org/wiki/Ecurie_Belge","","Belgium","","1950–1953",""
"Ecurie Bleue","https://en.wikipedia.org/w/index.php?title=Ecurie_Bleue&action=edit&redlink=1","","France","","1950, 1959–1960",""
"Ecurie Bonnier","https://en.wikipedia.org/wiki/Ecurie_Bonnier","","Sweden","","1957–1958, 1966–1971",""
"Ecurie Ecosse","https://en.wikipedia.org/wiki/Ecurie_Ecosse","","United Kingdom","","1952–1954",""
"Ecurie Espadon","https://en.wikipedia.org/wiki/Ecurie_Espadon","","Switzerland","","1950–1952",""
"Ecurie Lutetia","https://en.wikipedia.org/wiki/Ecurie_Lutetia","","France","","1950",""
"Ecurie Maarsbergen","https://en.wikipedia.org/wiki/Ecurie_Maarsbergen","","Netherlands","","1957–1964",""
"Ecurie Rosier","https://en.wikipedia.org/wiki/Ecurie_Rosier","","France","","1950–1956",""
"Enrico Platé","https://en.wikipedia.org/wiki/Enrico_Plat%C3%A9","","Switzerland","","1950–1953",""
"Equipe Banco Occidental","https://en.wikipedia.org/wiki/Emilio_de_Villota","","Spain","","1981",""
"Equipe Moss","https://en.wikipedia.org/wiki/Alfred_Moss","","United Kingdom","","1954",""
"Escuderia Bandeirantes","https://en.wikipedia.org/wiki/Escuderia_Bandeirantes","","Brazil","","1951–1953",""
"FISA","https://en.wikipedia.org/wiki/Giancarlo_Baghetti","","Italy","","1961","1"
"FR Gerard Cars","https://en.wikipedia.org/wiki/Bob_Gerard","","United Kingdom","","1950–1951, 1953–1954, 1956–1957",""
"Goldie Hexagon Racing","https://en.wikipedia.org/wiki/Goldie_Hexagon_Racing","","United Kingdom","","1974",""
"John Willment Automobiles","","","Australia","","1964–1965",""
"Matra International","https://en.wikipedia.org/wiki/Matra_International","","United Kingdom","","1968–1969","10"
"Mecom Racing Team","https://en.wikipedia.org/wiki/Mecom_Racing_Team","","United States","","1962",""
"North American Racing Team","https://en.wikipedia.org/wiki/North_American_Racing_Team","","United States","","1964–1965, 1969",""
"Otelle Nucci","https://en.wikipedia.org/w/index.php?title=Otelle_Nucci&action=edit&redlink=1","","South Africa","","1962–1963, 1965",""
"Reg Parnell Racing","https://en.wikipedia.org/wiki/Reg_Parnell_Racing","","United Kingdom","","1959, 1961–1969",""
"Rob Walker Racing Team","https://en.wikipedia.org/wiki/Rob_Walker_Racing_Team","","United Kingdom","","1953–1955, 1957–1970","9"
"Scuderia Achille Varzi","https://en.wikipedia.org/wiki/Scuderia_Achille_Varzi","","Italy","","1950",""
"Scuderia Ambrosiana","https://en.wikipedia.org/wiki/Scuderia_Ambrosiana","","Italy","","1950–1951, 1954",""
"Scuderia Centro Sud","https://en.wikipedia.org/wiki/Scuderia_Centro_Sud","","Italy","","1957–1961, 1963–1965",""
"Scuderia Filipinetti","https://en.wikipedia.org/wiki/Scuderia_Filipinetti","","Switzerland","","1962–1963",""
"Scuderia Franera","https://en.wikipedia.org/w/index.php?title=Scuderia_Franera&action=edit&redlink=1","","United Kingdom","","1952",""
"Scuderia Sant'Ambroeus","https://en.wikipedia.org/w/index.php?title=Scuderia_Sant%27Ambroeus&action=edit&redlink=1","","Italy","","1961",""
"Scuderia Sud Americana","https://en.wikipedia.org/wiki/Juan_Manuel_Fangio","","Argentina","","1958",""
"Silvio Moser Racing Team","https://en.wikipedia.org/wiki/Silvio_Moser_Racing_Team","","Switzerland","","1966, 1969–1970",""
"T.A.S.O. Mathieson","https://en.wikipedia.org/wiki/T.A.S.O._Mathieson","","United Kingdom","","1953",""
"Team Gunston","https://en.wikipedia.org/wiki/Team_Gunston","","Rhodesia","","1962–1963, 1965, 1967–1972, 1974–1975",""
