"Nom du Grand Prix","URL du Grand Prix","Période d'activité","Nombre d'éditions (2025)","Pays","Drapeau du Pays"
"Grand Prix de Grande-Bretagne","https://fr.wikipedia.org/wiki/Grand_Prix_automobile_de_Grande-Bretagne","1950-2025","76","Royaume-Uni","https://commons.wikimedia.org/wiki/File:Flag_of_the_United_Kingdom_(3-5).svg?uselang=fr"
"Grand Prix d'Italie","https://fr.wikipedia.org/wiki/Grand_Prix_automobile_d%27Italie","1950-2025","76","Italie","https://commons.wikimedia.org/wiki/File:Flag_of_Italy.svg?uselang=fr"
"Grand Prix de Monaco","https://fr.wikipedia.org/wiki/Grand_Prix_automobile_de_Monaco","1950, 1955-2019, 2021-2025","71","Monaco","https://commons.wikimedia.org/wiki/File:Flag_of_Monaco.svg?uselang=fr"
"Grand Prix de Belgique","https://fr.wikipedia.org/wiki/Grand_Prix_automobile_de_Belgique","1950-1956, 1958, 1960-1968, 1970, 1972-2002, 2004-2005, 2007-2025","70","Belgique","https://commons.wikimedia.org/wiki/File:Flag_of_Belgium_(civil).svg?uselang=fr"
"Grand Prix d'Allemagne","https://fr.wikipedia.org/wiki/Grand_Prix_automobile_d%27Allemagne","1951-2006, 2008-2014, 2016, 2018-2019","64","Allemagne","https://commons.wikimedia.org/wiki/File:Flag_of_Germany.svg?uselang=fr"
"Grand Prix de France","https://fr.wikipedia.org/wiki/Grand_Prix_automobile_de_France","1950-1954, 1956-2008, 2018-2019, 2021-2022","62","France","https://commons.wikimedia.org/wiki/File:Flag_of_France_(1976%E2%80%932020).svg?uselang=fr"
"Grand Prix d'Espagne","https://fr.wikipedia.org/wiki/Grand_Prix_automobile_d%27Espagne","1951, 1954, 1968-1979, 1981, 1986-2025","55","Espagne","https://commons.wikimedia.org/wiki/File:Flag_of_Spain.svg?uselang=fr"
"Grand Prix du Canada","https://fr.wikipedia.org/wiki/Grand_Prix_automobile_du_Canada","1967-1974, 1976-1986, 1988-2008, 2010-2019, 2022-2025","54","Canada","https://commons.wikimedia.org/wiki/File:Flag_of_Canada.svg?uselang=fr"
"Grand Prix du Brésil","https://fr.wikipedia.org/wiki/Grand_Prix_automobile_du_Br%C3%A9sil","1973-2019, 2021-2025","52","Brésil","https://commons.wikimedia.org/wiki/File:Flag_of_Brazil.svg?uselang=fr"
"Grand Prix des États-Unis","https://fr.wikipedia.org/wiki/Grand_Prix_automobile_des_%C3%89tats-Unis","1959-1980, 1989-1991, 2000-2007, 2012-2019, 2021-2025","46","États-Unis","https://commons.wikimedia.org/wiki/File:Flag_of_the_United_States.svg?uselang=fr"
"Grand Prix de Hongrie","https://fr.wikipedia.org/wiki/Grand_Prix_automobile_de_Hongrie","1986-2025","40","Hongrie","https://commons.wikimedia.org/wiki/File:Flag_of_Hungary.svg?uselang=fr"
"Grand Prix du Japon","https://fr.wikipedia.org/wiki/Grand_Prix_automobile_du_Japon","1976-1977, 1987-2019, 2022-2025","39","Japon","https://commons.wikimedia.org/wiki/File:Flag_of_Japan.svg?uselang=fr"
"Grand Prix d'Australie","https://fr.wikipedia.org/wiki/Grand_Prix_automobile_d%27Australie","1985-2019, 2022-2025","39","Australie","https://commons.wikimedia.org/wiki/File:Flag_of_Australia.svg?uselang=fr"
"Grand Prix d'Autriche","https://fr.wikipedia.org/wiki/Grand_Prix_automobile_d%27Autriche","1964, 1970-1987, 1997-2003, 2014-2025","38","Autriche","https://commons.wikimedia.org/wiki/File:Flag_of_Austria.svg?uselang=fr"
"Grand Prix des Pays-Bas","https://fr.wikipedia.org/wiki/Grand_Prix_automobile_des_Pays-Bas","1952-1953, 1955, 1958-1971, 1973-1985, 2021-2025","35","Pays-Bas","https://commons.wikimedia.org/wiki/File:Flag_of_the_Netherlands.svg?uselang=fr"
"Grand Prix de Saint-Marin","https://fr.wikipedia.org/wiki/Grand_Prix_automobile_de_Saint-Marin","1981-2006","26","Saint-Marin","https://commons.wikimedia.org/wiki/File:Flag_of_San_Marino.svg?uselang=fr"
"Grand Prix du Mexique","https://fr.wikipedia.org/wiki/Grand_Prix_automobile_du_Mexique","1963-1970, 1986-1992, 2015-2019, 2021-2025","25","Mexique","https://commons.wikimedia.org/wiki/File:Flag_of_Mexico.svg?uselang=fr"
"Grand Prix d'Europe","https://fr.wikipedia.org/wiki/Grand_Prix_automobile_d%27Europe","1983-1985, 1993-1997, 1999-2012, 2016","23","Europe","https://commons.wikimedia.org/wiki/File:Flag_of_Europe.svg?uselang=fr"
"Grand Prix d'Afrique du Sud","https://fr.wikipedia.org/wiki/Grand_Prix_automobile_d%27Afrique_du_Sud","1962-1963, 1965, 1967-1980, 1982-1985, 1992-1993","23","Afrique du Sud","https://commons.wikimedia.org/wiki/File:Flag_of_South_Africa_(1928-1982).svg?uselang=fr"
"Grand Prix de Bahreïn","https://fr.wikipedia.org/wiki/Grand_Prix_automobile_de_Bahre%C3%AFn","2004-2010, 2012-2025","21","Bahreïn","https://commons.wikimedia.org/wiki/File:Flag_of_Bahrain.svg?uselang=fr"
"Grand Prix d'Argentine","https://fr.wikipedia.org/wiki/Grand_Prix_automobile_d%27Argentine","1953-1958, 1960, 1972-1975, 1977-1981, 1995-1998","20","Argentine","https://commons.wikimedia.org/wiki/File:Flag_of_Argentina.svg?uselang=fr"
"Grand Prix de Malaisie","https://fr.wikipedia.org/wiki/Grand_Prix_automobile_de_Malaisie","1999-2017","19","Malaisie","https://commons.wikimedia.org/wiki/File:Flag_of_Malaysia.svg?uselang=fr"
"Grand Prix de Chine","https://fr.wikipedia.org/wiki/Grand_Prix_automobile_de_Chine","2004-2019, 2024-2025","18","Chine (République populaire de)","https://commons.wikimedia.org/wiki/File:Flag_of_the_People%27s_Republic_of_China.svg?uselang=fr"
"Grand Prix du Portugal","https://fr.wikipedia.org/wiki/Grand_Prix_automobile_du_Portugal","1958-1960, 1984-1996, 2020-2021","18","Portugal","https://commons.wikimedia.org/wiki/File:Flag_of_Portugal.svg?uselang=fr"
"Grand Prix d'Abou Dabi","https://fr.wikipedia.org/wiki/Grand_Prix_automobile_d%27Abou_Dabi","2009-2025","17","Émirats arabes unis","https://commons.wikimedia.org/wiki/File:Flag_of_the_United_Arab_Emirates.svg?uselang=fr"
"Grand Prix de Singapour","https://fr.wikipedia.org/wiki/Grand_Prix_automobile_de_Singapour","2008-2019, 2022-2025","16","Singapour","https://commons.wikimedia.org/wiki/File:Flag_of_Singapore.svg?uselang=fr"
"500 miles d'Indianapolis","https://fr.wikipedia.org/wiki/500_miles_d%27Indianapolis","1950-1960","11","États-Unis","https://commons.wikimedia.org/wiki/File:Flag_of_the_United_States.svg?uselang=fr"
"Grand Prix de Turquie","https://fr.wikipedia.org/wiki/Grand_Prix_automobile_de_Turquie","2005-2011, 2020-2021","9","Turquie","https://commons.wikimedia.org/wiki/File:Flag_of_Turkey.svg?uselang=fr"
"Grand Prix d'Azerbaïdjan","https://fr.wikipedia.org/wiki/Grand_Prix_automobile_d%27Azerba%C3%AFdjan","2017-2019, 2021-2025","8","Azerbaïdjan","https://commons.wikimedia.org/wiki/File:Flag_of_Azerbaijan.svg?uselang=fr"
"Grand Prix des États-Unis Ouest","https://fr.wikipedia.org/wiki/Grand_Prix_automobile_des_%C3%89tats-Unis_Ouest","1976-1983","8","États-Unis","https://commons.wikimedia.org/wiki/File:Flag_of_the_United_States.svg?uselang=fr"
"Grand Prix de Russie","https://fr.wikipedia.org/wiki/Grand_Prix_automobile_de_Russie","2014-2021","8","Russie","https://commons.wikimedia.org/wiki/File:Flag_of_Russia.svg?uselang=fr"
"Grand Prix de Détroit","https://fr.wikipedia.org/wiki/Grand_Prix_automobile_de_D%C3%A9troit","1982-1983, 1984-1988","7","États-Unis","https://commons.wikimedia.org/wiki/File:Flag_of_the_United_States.svg?uselang=fr"
"Grand Prix de Suisse","https://fr.wikipedia.org/wiki/Grand_Prix_automobile_de_Suisse","1950-1954, 1982","6","Suisse","https://commons.wikimedia.org/wiki/File:Flag_of_Switzerland.svg?uselang=fr"
"Grand Prix de Suède","https://fr.wikipedia.org/wiki/Grand_Prix_automobile_de_Su%C3%A8de","1973-1978","6","Suède","https://commons.wikimedia.org/wiki/File:Flag_of_Sweden.svg?uselang=fr"
"Grand Prix d'Émilie-Romagne","https://fr.wikipedia.org/wiki/Grand_Prix_automobile_d%27%C3%89milie-Romagne","2020-2022, 2025","5","Italie","https://commons.wikimedia.org/wiki/File:Flag_of_Italy.svg?uselang=fr"
"Grand Prix d'Arabie saoudite","https://fr.wikipedia.org/wiki/Grand_Prix_automobile_d%27Arabie_saoudite","2021-2025","5","Arabie saoudite","https://commons.wikimedia.org/wiki/File:Flag_of_Saudi_Arabia.svg?uselang=fr"
"Grand Prix de Las Vegas","https://fr.wikipedia.org/wiki/Grand_Prix_automobile_de_Las_Vegas","1981-1982, 2023-2025","5","États-Unis","https://commons.wikimedia.org/wiki/File:Flag_of_the_United_States.svg?uselang=fr"
"Grand Prix de Miami","https://fr.wikipedia.org/wiki/Grand_Prix_automobile_de_Miami","2022-2025","4","États-Unis","https://commons.wikimedia.org/wiki/File:Flag_of_the_United_States.svg?uselang=fr"
"Grand Prix du Qatar","https://fr.wikipedia.org/wiki/Grand_Prix_automobile_du_Qatar","2021, 2023-25","4","Qatar","https://commons.wikimedia.org/wiki/File:Flag_of_Qatar.svg?uselang=fr"
"Grand Prix de Corée du Sud","https://fr.wikipedia.org/wiki/Grand_Prix_automobile_de_Cor%C3%A9e_du_Sud","2010-2013","4","Corée du Sud","https://commons.wikimedia.org/wiki/File:Flag_of_South_Korea.svg?uselang=fr"
"Grand Prix d'Inde","https://fr.wikipedia.org/wiki/Grand_Prix_automobile_d%27Inde","2011-2013","3","Inde","https://commons.wikimedia.org/wiki/File:Flag_of_India.svg?uselang=fr"
"Grand Prix de Styrie","https://fr.wikipedia.org/wiki/Grand_Prix_automobile_de_Styrie","2020-2021","2","Autriche","https://commons.wikimedia.org/wiki/File:Flag_of_Austria.svg?uselang=fr"
"Grand Prix du Pacifique","https://fr.wikipedia.org/wiki/Grand_Prix_automobile_du_Pacifique","1994-1995","2","Japon","https://commons.wikimedia.org/wiki/File:Flag_of_Japan.svg?uselang=fr"
"Grand Prix du Luxembourg","https://fr.wikipedia.org/wiki/Grand_Prix_automobile_du_Luxembourg","1997-1998","2","Luxembourg","https://commons.wikimedia.org/wiki/File:Flag_of_Luxembourg.svg?uselang=fr"
"Grand Prix de Pescara","https://fr.wikipedia.org/wiki/Grand_Prix_automobile_de_Pescara","1957","1","Italie","https://commons.wikimedia.org/wiki/File:Flag_of_Italy.svg?uselang=fr"
"Grand Prix du Maroc","https://fr.wikipedia.org/wiki/Grand_Prix_automobile_du_Maroc","1958","1","Maroc","https://commons.wikimedia.org/wiki/File:Flag_of_Morocco.svg?uselang=fr"
"Grand Prix de Dallas","https://fr.wikipedia.org/wiki/Grand_Prix_automobile_de_Dallas","1984","1","États-Unis","https://commons.wikimedia.org/wiki/File:Flag_of_the_United_States.svg?uselang=fr"
"Grand Prix de Toscane","https://fr.wikipedia.org/wiki/Grand_Prix_automobile_de_Toscane_2020","2020","1","Italie","https://commons.wikimedia.org/wiki/File:Flag_of_Italy.svg?uselang=fr"
"Grand Prix de l'Eifel","https://fr.wikipedia.org/wiki/Grand_Prix_automobile_de_l%27Eifel","2020","1","Allemagne","https://commons.wikimedia.org/wiki/File:Flag_of_Germany.svg?uselang=fr"
"Grand Prix du 70e anniversaire","https://fr.wikipedia.org/wiki/Grand_Prix_automobile_du_70e_anniversaire","2020","1","Royaume-Uni","https://commons.wikimedia.org/wiki/File:Flag_of_the_United_Kingdom_(3-5).svg?uselang=fr"
"Grand Prix de Sakhir","https://fr.wikipedia.org/wiki/Grand_Prix_automobile_de_Sakhir_2020","2020","1","Bahreïn","https://commons.wikimedia.org/wiki/File:Flag_of_Bahrain.svg?uselang=fr"
