"Nom du pilote","URL du pilote","Nationalité","Nombre de GP","Années d'activité","Statut"
"George Abecassis","https://fr.wikipedia.org/wiki/George_Abecassis","Royaume-Uni","2","1951-1952",""
"Kenny Acheson","https://fr.wikipedia.org/wiki/Kenny_Acheson","Royaume-Uni","3","1983, 1985",""
"Philippe Adams","https://fr.wikipedia.org/wiki/Philippe_Adams","Belgique","2","1994",""
"Walt Ader","https://fr.wikipedia.org/wiki/Walt_Ader","États-Unis","1","1950","Pilote Indy 500"
"Kurt Adolff","https://fr.wikipedia.org/wiki/Kurt_Adolff","Allemagne","1","1953",""
"Fred Agabashian","https://fr.wikipedia.org/wiki/Fred_Agabashian","États-Unis","8","1950-1957","Pilote Indy 500"
"Kurt Ahrens","https://fr.wikipedia.org/wiki/Kurt_Ahrens","Allemagne","1","1968",""
"Jack Aitken","https://fr.wikipedia.org/wiki/Jack_Aitken","Royaume-Uni","1","2020",""
"Christijan Albers","https://fr.wikipedia.org/wiki/Christijan_Albers","Pays-Bas","46","2005-2007",""
"Alexander Albon","https://fr.wikipedia.org/wiki/Alexander_Albon","Thaïlande","128","2019-2020 et depuis 2022","Pilote actuel"
"Michele Alboreto","https://fr.wikipedia.org/wiki/Michele_Alboreto","Italie","194","1981-1994","Décédé"
"Jean Alesi","https://fr.wikipedia.org/wiki/Jean_Alesi","France","201","1989-2001",""
"Jaime Alguersuari","https://fr.wikipedia.org/wiki/Jaime_Alguersuari","Espagne","46","2009-2011",""
"Philippe Alliot","https://fr.wikipedia.org/wiki/Philippe_Alliot","France","109","1984-1990, 1993-1994",""
"Cliff Allison","https://fr.wikipedia.org/wiki/Cliff_Allison","Royaume-Uni","16","1958-1961",""
"Fernando Alonso","https://fr.wikipedia.org/wiki/Fernando_Alonso","Espagne","425","2001, 2003-2018 et depuis 2021","Pilote actuel"
"George Amick","https://fr.wikipedia.org/wiki/George_Amick","États-Unis","1","1958","Pilote Indy 500"
"Red Amick","https://fr.wikipedia.org/wiki/Red_Amick","États-Unis","2","1959-1960","Pilote Indy 500"
"Chris Amon","https://fr.wikipedia.org/wiki/Chris_Amon","Nouvelle-Zélande","96","1963-1976",""
"Bob Anderson","https://fr.wikipedia.org/wiki/Bob_Anderson","Royaume-Uni","25","1963-1967","Décédé"
"Conny Andersson","https://fr.wikipedia.org/wiki/Conny_Andersson","Suède","1","1976",""
"Mario Andretti","https://fr.wikipedia.org/wiki/Mario_Andretti","États-Unis","128","1968-1972, 1974-1982",""
"Michael Andretti","https://fr.wikipedia.org/wiki/Michael_Andretti","États-Unis","13","1993",""
"Keith Andrews","https://fr.wikipedia.org/wiki/Keith_Andrews_(pilote)","États-Unis","2","1955-1956","Pilote Indy 500"
"Andrea Kimi Antonelli","https://fr.wikipedia.org/wiki/Andrea_Kimi_Antonelli","Italie","24","depuis 2025","Pilote actuel"
"Marco Apicella","https://fr.wikipedia.org/wiki/Marco_Apicella","Italie","1","1993",""
"Frank Armi","https://fr.wikipedia.org/wiki/Frank_Armi","États-Unis","1","1954","Pilote Indy 500"
"Chuck Arnold","https://fr.wikipedia.org/wiki/Chuck_Arnold","États-Unis","1","1959","Pilote Indy 500"
"René Arnoux","https://fr.wikipedia.org/wiki/Ren%C3%A9_Arnoux","France","149","1978-1989",""
"Peter Arundell","https://fr.wikipedia.org/wiki/Peter_Arundell","Royaume-Uni","11","1964, 1966",""
"Alberto Ascari","https://fr.wikipedia.org/wiki/Alberto_Ascari","Italie","31","1950-1955","Décédé"
"Peter Ashdown","https://fr.wikipedia.org/wiki/Peter_Ashdown","Royaume-Uni","1","1959",""
"Ian Ashley","https://fr.wikipedia.org/wiki/Ian_Ashley","Royaume-Uni","4","1974, 1976-1977",""
"Gerry Ashmore","https://fr.wikipedia.org/wiki/Gerry_Ashmore","Royaume-Uni","3","1961",""
"Bill Aston","https://fr.wikipedia.org/wiki/Bill_Aston","Royaume-Uni","1","1952",""
"Richard Attwood","https://fr.wikipedia.org/wiki/Richard_Attwood","Royaume-Uni","16","1965, 1967-1969",""
"Manuel Ayulo","https://fr.wikipedia.org/wiki/Manuel_Ayulo","États-Unis","4","1951-1954","Pilote Indy 500"
"Luca Badoer","https://fr.wikipedia.org/wiki/Luca_Badoer","Italie","51","1993, 1995-1996, 1999, 2009",""
"Giancarlo Baghetti","https://fr.wikipedia.org/wiki/Giancarlo_Baghetti","Italie","21","1961-1967",""
"Julian Bailey","https://fr.wikipedia.org/wiki/Julian_Bailey","Royaume-Uni","7","1988, 1991",""
"Mauro Baldi","https://fr.wikipedia.org/wiki/Mauro_Baldi","Italie","36","1982-1985",""
"Bobby Ball","https://fr.wikipedia.org/wiki/Bobby_Ball","États-Unis","2","1951-1952","Pilote Indy 500"
"Marcel Balsa","https://fr.wikipedia.org/wiki/Marcel_Balsa","France","1","1952",""
"Lorenzo Bandini","https://fr.wikipedia.org/wiki/Lorenzo_Bandini","Italie","42","1961-1967","Décédé"
"Henry Banks","https://fr.wikipedia.org/wiki/Henry_Banks","États-Unis","3","1950-1952","Pilote Indy 500"
"Fabrizio Barbazza","https://fr.wikipedia.org/wiki/Fabrizio_Barbazza","Italie","8","1993",""
"John Barber","https://fr.wikipedia.org/wiki/John_Barber","Royaume-Uni","1","1953",""
"Skip Barber","https://fr.wikipedia.org/wiki/Skip_Barber","États-Unis","5","1971-1972",""
"Paolo Barilla","https://fr.wikipedia.org/wiki/Paolo_Barilla","Italie","9","1989-1990",""
"Rubens Barrichello","https://fr.wikipedia.org/wiki/Rubens_Barrichello","Brésil","323","1993-2011",""
"Edgar Barth","https://fr.wikipedia.org/wiki/Edgar_Barth","Allemagne","5","1953, 1957-1958, 1960, 1964",""
"Giorgio Bassi","https://fr.wikipedia.org/wiki/Giorgio_Bassi","Italie","1","1965",""
"Erwin Bauer","https://fr.wikipedia.org/wiki/Erwin_Bauer","Allemagne","1","1953","Décédé"
"Zsolt Baumgartner","https://fr.wikipedia.org/wiki/Zsolt_Baumgartner","Hongrie","20","2003-2004",""
"Élie Bayol","https://fr.wikipedia.org/wiki/%C3%89lie_Bayol","France","7","1952-1956",""
"Oliver Bearman","https://fr.wikipedia.org/wiki/Oliver_Bearman","Royaume-Uni","27","depuis 2024","Pilote actuel"
"Don Beauman","https://fr.wikipedia.org/wiki/Don_Beauman","Royaume-Uni","1","1954","Décédé"
"Günther Bechem","https://fr.wikipedia.org/wiki/G%C3%BCnther_Bechem","Allemagne","2","1952-1953",""
"Jean Behra","https://fr.wikipedia.org/wiki/Jean_Behra","France","53","1951-1959","Décédé"
"Derek Bell","https://fr.wikipedia.org/wiki/Derek_Bell_(pilote_automobile)","Royaume-Uni","9","1968-1972, 1974",""
"Stefan Bellof","https://fr.wikipedia.org/wiki/Stefan_Bellof","Allemagne","20","1984-1985","Décédé"
"Paul Belmondo","https://fr.wikipedia.org/wiki/Paul_Belmondo_(pilote_automobile)","France","7","1992, 1994",""
"Tom Belsø","https://fr.wikipedia.org/wiki/Tom_Bels%C3%B8","Danemark","2","1974",""
"Jean-Pierre Beltoise","https://fr.wikipedia.org/wiki/Jean-Pierre_Beltoise","France","85","1967-1974",""
"Olivier Beretta","https://fr.wikipedia.org/wiki/Olivier_Beretta","Monaco","9","1994",""
"Allen Berg","https://fr.wikipedia.org/wiki/Allen_Berg","Canada","9","1986",""
"Georges Berger","https://fr.wikipedia.org/wiki/Georges_Berger_(pilote_automobile)","Belgique","2","1953-1954","Décédé"
"Gerhard Berger","https://fr.wikipedia.org/wiki/Gerhard_Berger","Autriche","210","1984-1997",""
"Éric Bernard","https://fr.wikipedia.org/wiki/%C3%89ric_Bernard","France","45","1989-1991, 1994",""
"Enrique Bernoldi","https://fr.wikipedia.org/wiki/Enrique_Bernoldi","Brésil","28","2001-2002",""
"Tony Bettenhausen","https://fr.wikipedia.org/wiki/Tony_Bettenhausen","États-Unis","11","1950-1960","Pilote Indy 500"
"Mike Beuttler","https://fr.wikipedia.org/wiki/Mike_Beuttler","Royaume-Uni","28","1971-1973",""
"Jules Bianchi","https://fr.wikipedia.org/wiki/Jules_Bianchi","France","34","2013-2014","Décédé"
"Lucien Bianchi","https://fr.wikipedia.org/wiki/Lucien_Bianchi","Belgique","17","1960-1963, 1965, 1968","Décédé"
"Gino Bianco","https://fr.wikipedia.org/wiki/Gino_Bianco","Brésil","4","1952",""
"Hans Binder","https://fr.wikipedia.org/wiki/Hans_Binder","Autriche","13","1976-1977",""
"Clemente Biondetti","https://fr.wikipedia.org/wiki/Clemente_Biondetti","Italie","1","1950",""
"Birabongse Bhanuban, Prince Bira","https://fr.wikipedia.org/wiki/Prince_Bira","Thaïlande","19","1950-1954",""
"Pablo Birger","https://fr.wikipedia.org/wiki/Pablo_Birger","Argentine","2","1953, 1955",""
"Art Bisch","https://fr.wikipedia.org/wiki/Art_Bisch","États-Unis","1","1958","Pilote Indy 500"
"Harry Blanchard","https://fr.wikipedia.org/wiki/Harry_Blanchard","États-Unis","1","1959",""
"Michael Bleekemolen","https://fr.wikipedia.org/wiki/Michael_Bleekemolen","Pays-Bas","1","1978",""
"Trevor Blokdyk","https://fr.wikipedia.org/wiki/Trevor_Blokdyk","Afrique du Sud","1","1963",""
"Mark Blundell","https://fr.wikipedia.org/wiki/Mark_Blundell","Royaume-Uni","61","1991, 1993-1995",""
"Raul Boesel","https://fr.wikipedia.org/wiki/Raul_Boesel","Brésil","23","1982-1983",""
"Bob Bondurant","https://fr.wikipedia.org/wiki/Bob_Bondurant","États-Unis","9","1965-1966",""
"Felice Bonetto","https://fr.wikipedia.org/wiki/Felice_Bonetto","Italie","15","1950-1953","Décédé"
"Joakim Bonnier","https://fr.wikipedia.org/wiki/Joakim_Bonnier","Suède","104","1956-1971","Décédé"
"Roberto Bonomi","https://fr.wikipedia.org/wiki/Roberto_Bonomi","Argentine","1","1960",""
"Slim Borgudd","https://fr.wikipedia.org/wiki/Slim_Borgudd","Suède","10","1981-1982",""
"Gabriel Bortoleto","https://fr.wikipedia.org/wiki/Gabriel_Bortoleto","Brésil","24","depuis 2025","Pilote actuel"
"Luki Botha","https://fr.wikipedia.org/wiki/Luki_Botha","Afrique du Sud","1","1967",""
"Valtteri Bottas","https://fr.wikipedia.org/wiki/Valtteri_Bottas","Finlande","246","2013-2024",""
"Jean-Christophe Boullion","https://fr.wikipedia.org/wiki/Jean-Christophe_Boullion","France","11","1995",""
"Sébastien Bourdais","https://fr.wikipedia.org/wiki/S%C3%A9bastien_Bourdais","France","27","2008-2009",""
"Thierry Boutsen","https://fr.wikipedia.org/wiki/Thierry_Boutsen","Belgique","163","1983-1993",""
"Johnny Boyd","https://fr.wikipedia.org/wiki/Johnny_Boyd","États-Unis","6","1955-1960","Pilote Indy 500"
"David Brabham","https://fr.wikipedia.org/wiki/David_Brabham","Australie","24","1990, 1994",""
"Jack Brabham","https://fr.wikipedia.org/wiki/Jack_Brabham","Australie","123","1955-1970",""
"Bill Brack","https://fr.wikipedia.org/wiki/Bill_Brack","Canada","3","1968-1969, 1972",""
"Vittorio Brambilla","https://fr.wikipedia.org/wiki/Vittorio_Brambilla","Italie","74","1974-1980",""
"Toni Branca","https://fr.wikipedia.org/wiki/Toni_Branca","Suisse","3","1950-1951",""
"Eric Brandon","https://fr.wikipedia.org/wiki/Eric_Brandon","Royaume-Uni","5","1952, 1954",""
"Don Branson","https://fr.wikipedia.org/wiki/Don_Branson","États-Unis","2","1959-1960","Pilote Indy 500"
"Tony Brise","https://fr.wikipedia.org/wiki/Tony_Brise","Royaume-Uni","10","1975",""
"Chris Bristow","https://fr.wikipedia.org/wiki/Chris_Bristow","Royaume-Uni","4","1959-1960","Décédé"
"Peter Broeker","https://fr.wikipedia.org/wiki/Peter_Broeker","Canada","1","1963",""
"Tony Brooks","https://fr.wikipedia.org/wiki/Tony_Brooks","Royaume-Uni","38","1956-1961",""
"Alan Brown","https://fr.wikipedia.org/wiki/Alan_Brown","Royaume-Uni","8","1952-1953",""
"Walt Brown","https://fr.wikipedia.org/wiki/Walt_Brown","États-Unis","2","1950-1951","Pilote Indy 500"
"Warwick Brown","https://fr.wikipedia.org/wiki/Warwick_Brown","Australie","1","1976",""
"Adolf Brudes","https://fr.wikipedia.org/wiki/Adolf_Brudes","Allemagne","1","1952",""
"Martin Brundle","https://fr.wikipedia.org/wiki/Martin_Brundle","Royaume-Uni","158","1984-1989, 1991-1996",""
"Gianmaria Bruni","https://fr.wikipedia.org/wiki/Gianmaria_Bruni","Italie","18","2004",""
"Jimmy Bryan","https://fr.wikipedia.org/wiki/Jimmy_Bryan","États-Unis","9","1952-1960","Pilote Indy 500"
"Clemar Bucci","https://fr.wikipedia.org/wiki/Clemar_Bucci","Argentine","5","1954-1955",""
"Ronnie Bucknum","https://fr.wikipedia.org/wiki/Ronnie_Bucknum","États-Unis","11","1964-1966",""
"Ivor Bueb","https://fr.wikipedia.org/wiki/Ivor_Bueb","Royaume-Uni","4","1957-1959","Décédé"
"Sébastien Buemi","https://fr.wikipedia.org/wiki/S%C3%A9bastien_Buemi","Suisse","55","2009-2011",""
"Luiz Bueno","https://fr.wikipedia.org/wiki/Luiz_Bueno","Brésil","1","1973","Décédé"
"Ian Burgess","https://fr.wikipedia.org/wiki/Ian_Burgess","Royaume-Uni","15","1958-1963",""
"Luciano Burti","https://fr.wikipedia.org/wiki/Luciano_Burti","Brésil","15","2000-2001",""
"Roberto Bussinello","https://fr.wikipedia.org/wiki/Roberto_Bussinello","Italie","2","1961, 1965",""
"Jenson Button","https://fr.wikipedia.org/wiki/Jenson_Button","Royaume-Uni","306","2000-2017",""
"Tommy Byrne","https://fr.wikipedia.org/wiki/Tommy_Byrne_(pilote_automobile)","Irlande","2","1982",""
"Giulio Cabianca","https://fr.wikipedia.org/wiki/Giulio_Cabianca","Italie","3","1958-1960","Décédé"
"Alex Caffi","https://fr.wikipedia.org/wiki/Alex_Caffi","Italie","56","1986-1991",""
"John Campbell-Jones","https://fr.wikipedia.org/wiki/John_Campbell-Jones","Royaume-Uni","2","1962-1963",""
"Adrián Campos","https://fr.wikipedia.org/wiki/Adri%C3%A1n_Campos","Espagne","17","1987-1988",""
"John Cannon","https://en.wikipedia.org/wiki/John_Cannon_(racing_driver)","Canada","1","1971",""
"Eitel Cantoni","https://fr.wikipedia.org/wiki/Eitel_Cantoni","Uruguay","3","1952",""
"Bill Cantrell","https://en.wikipedia.org/wiki/William_Cantrell","États-Unis","1","1950","Pilote Indy 500"
"Ivan Capelli","https://fr.wikipedia.org/wiki/Ivan_Capelli","Italie","93","1985-1993",""
"Piero Carini","https://fr.wikipedia.org/wiki/Piero_Carini","Italie","3","1952-1953","Décédé"
"Duane Carter","https://fr.wikipedia.org/wiki/Duane_Carter","États-Unis","8","1950-1955, 1959-1960","Pilote Indy 500"
"Eugenio Castellotti","https://fr.wikipedia.org/wiki/Eugenio_Castellotti","Italie","14","1955-1957","Décédé"
"Johnny Cecotto","https://fr.wikipedia.org/wiki/Johnny_Cecotto","Venezuela","18","1983-1984",""
"François Cevert","https://fr.wikipedia.org/wiki/Fran%C3%A7ois_Cevert","France","46","1970-1973","Décédé"
"Eugène Chaboud","https://fr.wikipedia.org/wiki/Eug%C3%A8ne_Chaboud","France","3","1950-1951",""
"Jay Chamberlain","https://fr.wikipedia.org/wiki/Jay_Chamberlain","États-Unis","1","1962",""
"Karun Chandhok","https://fr.wikipedia.org/wiki/Karun_Chandhok","Inde","11","2010-2011",""
"Dave Charlton","https://fr.wikipedia.org/wiki/Dave_Charlton","Afrique du Sud","11","1967-1968, 1970-1975",""
"Bill Cheesbourg","https://en.wikipedia.org/wiki/Bill_Cheesbourg","États-Unis","3","1957-1959","Pilote Indy 500"
"Eddie Cheever","https://fr.wikipedia.org/wiki/Eddie_Cheever","États-Unis","132","1978, 1980-1989",""
"Andrea Chiesa","https://fr.wikipedia.org/wiki/Andrea_Chiesa","Suisse","3","1992",""
"Max Chilton","https://fr.wikipedia.org/wiki/Max_Chilton","Royaume-Uni","35","2013-2014",""
"Ettore Chimeri","https://fr.wikipedia.org/wiki/Ettore_Chimeri","Venezuela","1","1960","Décédé"
"Louis Chiron","https://fr.wikipedia.org/wiki/Louis_Chiron","Monaco","15","1950-1951, 1953, 1955",""
"Joie Chitwood","https://fr.wikipedia.org/wiki/Joie_Chitwood","États-Unis","1","1950","Pilote Indy 500"
"Bob Christie","https://en.wikipedia.org/wiki/Bob_Christie_(racing_driver)","États-Unis","5","1956-1960","Pilote Indy 500"
"Johnny Claes","https://fr.wikipedia.org/wiki/Johnny_Claes","Belgique","23","1950-1953, 1955",""
"Jim Clark","https://fr.wikipedia.org/wiki/Jim_Clark","Royaume-Uni","72","1960-1968","Décédé"
"Franco Colapinto","https://fr.wikipedia.org/wiki/Franco_Colapinto","Argentine","26","depuis 2024","Pilote actuel"
"Peter Collins","https://fr.wikipedia.org/wiki/Peter_Collins_(pilote_automobile)","Royaume-Uni","32","1952-1958","Décédé"
"Bernard Collomb","https://fr.wikipedia.org/wiki/Bernard_Collomb","France","4","1961-1963",""
"Erik Comas","https://fr.wikipedia.org/wiki/Erik_Comas","France","59","1991-1994",""
"Gianfranco Comotti","https://fr.wikipedia.org/wiki/Gianfranco_Comotti","Italie","2","1950, 1952",""
"George Connor","https://fr.wikipedia.org/wiki/George_Connor","États-Unis","3","1950-1952","Pilote Indy 500"
"George Constantine","https://fr.wikipedia.org/wiki/George_Constantine","États-Unis","1","1959",""
"John Cordts","https://fr.wikipedia.org/wiki/John_Cordts","Canada","1","1969",""
"David Coulthard","https://fr.wikipedia.org/wiki/David_Coulthard","Royaume-Uni","246","1994-2008",""
"Piers Courage","https://fr.wikipedia.org/wiki/Piers_Courage","Royaume-Uni","27","1967-1970","Décédé"
"Chris Craft","https://fr.wikipedia.org/wiki/Chris_Craft","Royaume-Uni","1","1971",""
"Jim Crawford","https://fr.wikipedia.org/wiki/Jim_Crawford","Royaume-Uni","2","1975",""
"Ray Crawford","https://en.wikipedia.org/wiki/Ray_Crawford_(racing_driver)","États-Unis","3","1955-1956, 1959","Pilote Indy 500"
"Antonio Creus","https://fr.wikipedia.org/wiki/Antonio_Creus","Espagne","1","1960",""
"Larry Crockett","https://en.wikipedia.org/wiki/Larry_Crockett","États-Unis","1","1954","Pilote Indy 500"
"Tony Crook","https://fr.wikipedia.org/wiki/Tony_Crook","Royaume-Uni","2","1952-1953",""
"Art Cross","https://fr.wikipedia.org/wiki/Art_Cross","États-Unis","4","1952-1955","Pilote Indy 500"
"Geoff Crossley","https://fr.wikipedia.org/wiki/Geoff_Crossley","Royaume-Uni","2","1950",""
"Cristiano da Matta","https://fr.wikipedia.org/wiki/Cristiano_da_Matta","Brésil","28","2003-2004",""
"Jérôme d'Ambrosio","https://fr.wikipedia.org/wiki/J%C3%A9r%C3%B4me_d%27Ambrosio","Belgique","20","2011-2012",""
"Hermano da Silva Ramos","https://fr.wikipedia.org/wiki/Hermano_da_Silva_Ramos","Brésil","7","1955-1956",""
"Chuck Daigh","https://fr.wikipedia.org/wiki/Chuck_Daigh","États-Unis","3","1960",""
"Yannick Dalmas","https://fr.wikipedia.org/wiki/Yannick_Dalmas","France","23","1987-1988, 1990, 1994",""
"Derek Daly","https://fr.wikipedia.org/wiki/Derek_Daly","Irlande","49","1978-1982",""
"Christian Danner","https://fr.wikipedia.org/wiki/Christian_Danner","Allemagne","36","1985-1987, 1989",""
"Jorge Daponte","https://fr.wikipedia.org/wiki/Jorge_Daponte","Argentine","2","1954",""
"Anthony Davidson","https://fr.wikipedia.org/wiki/Anthony_Davidson","Royaume-Uni","24","2002, 2005, 2007-2008",""
"Jimmy Davies","https://fr.wikipedia.org/wiki/Jimmy_Davies","États-Unis","5","1950-1951, 1953-1955","Pilote Indy 500"
"Colin Davis","https://fr.wikipedia.org/wiki/Colin_Davis_(pilote_automobile)","Royaume-Uni","2","1959",""
"Jimmy Daywalt","https://fr.wikipedia.org/wiki/Jimmy_Daywalt","États-Unis","6","1953-1957, 1959","Pilote Indy 500"
"Andrea de Adamich","https://fr.wikipedia.org/wiki/Andrea_de_Adamich","Italie","30","1968, 1970-1973",""
"Elio De Angelis","https://fr.wikipedia.org/wiki/Elio_De_Angelis","Italie","108","1979-1986","Décédé"
"Mário de Araújo Cabral","https://fr.wikipedia.org/wiki/M%C3%A1rio_de_Ara%C3%BAjo_Cabral","Portugal","4","1959-1960, 1963-1964",""
"Andrea De Cesaris","https://fr.wikipedia.org/wiki/Andrea_De_Cesaris","Italie","208","1980-1994",""
"Maria Teresa De Filippis","https://fr.wikipedia.org/wiki/Maria_Teresa_De_Filippis","Italie","3","1958",""
"Emmanuel de Graffenried","https://fr.wikipedia.org/wiki/Emmanuel_de_Graffenried","Suisse","22","1950-1954, 1956",""
"Peter de Klerk","https://fr.wikipedia.org/wiki/Peter_de_Klerk","Afrique du Sud","4","1963, 1965, 1969-1970",""
"Pedro de la Rosa","https://fr.wikipedia.org/wiki/Pedro_de_la_Rosa","Espagne","105","1999-2002, 2005-2006, 2010-2012",""
"Alfonso de Portago","https://fr.wikipedia.org/wiki/Alfonso_de_Portago","Espagne","5","1956-1957","Décédé"
"Max de Terra","https://fr.wikipedia.org/wiki/Max_de_Terra","Suisse","2","1952-1953",""
"Alejandro de Tomaso","https://fr.wikipedia.org/wiki/Alejandro_de_Tomaso","Argentine","2","1957, 1959",""
"Charles de Tornaco","https://fr.wikipedia.org/wiki/Charles_de_Tornaco","Belgique","2","1952","Décédé"
"Emilio de Villota","https://fr.wikipedia.org/wiki/Emilio_de_Villota","Espagne","2","1977",""
"Nyck de Vries","https://fr.wikipedia.org/wiki/Nyck_de_Vries","Pays-Bas","11","2022-2023",""
"Jean-Denis Delétraz","https://fr.wikipedia.org/wiki/Jean-Denis_Del%C3%A9traz","Suisse","3","1994-1995",""
"Patrick Depailler","https://fr.wikipedia.org/wiki/Patrick_Depailler","France","95","1972, 1974-1980","Décédé"
"Lucas di Grassi","https://fr.wikipedia.org/wiki/Lucas_di_Grassi","Brésil","18","2010",""
"Pedro Diniz","https://fr.wikipedia.org/wiki/Pedro_Diniz","Brésil","98","1995-2000",""
"Duke Dinsmore","https://en.wikipedia.org/wiki/Duke_Dinsmore","États-Unis","4","1950-1951, 1953, 1956","Pilote Indy 500"
"Paul di Resta","https://fr.wikipedia.org/wiki/Paul_di_Resta","Royaume-Uni","59","2011-2013, 2017",""
"José Dolhem","https://fr.wikipedia.org/wiki/Jos%C3%A9_Dolhem","France","1","1974",""
"Martin Donnelly","https://fr.wikipedia.org/wiki/Martin_Donnelly","Royaume-Uni","13","1989-1990",""
"Mark Donohue","https://fr.wikipedia.org/wiki/Mark_Donohue","États-Unis","14","1971, 1974-1975","Décédé"
"Jack Doohan","https://fr.wikipedia.org/wiki/Jack_Doohan","Australie","7","2024-2025",""
"Robert Doornbos","https://fr.wikipedia.org/wiki/Robert_Doornbos","Monaco","11","2005-2006",""
"Fritz d'Orey","https://fr.wikipedia.org/wiki/Fritz_d%27Orey","Brésil","3","1959",""
"Ken Downing","https://fr.wikipedia.org/wiki/Ken_Downing","Royaume-Uni","2","1952",""
"Bob Drake","https://fr.wikipedia.org/wiki/Bob_Drake","États-Unis","1","1960",""
"Paddy Driver","https://fr.wikipedia.org/wiki/Paddy_Driver","Afrique du Sud","1","1974",""
"Piero Drogo","https://fr.wikipedia.org/wiki/Piero_Drogo","Italie","1","1960",""
"Johnny Dumfries","https://fr.wikipedia.org/wiki/Johnny_Dumfries","Royaume-Uni","15","1986",""
"Len Duncan","https://en.wikipedia.org/wiki/Len_Duncan","États-Unis","1","1954","Pilote Indy 500"
"George Eaton","https://fr.wikipedia.org/wiki/George_Eaton","Canada","11","1969-1971",""
"Don Edmunds","https://en.wikipedia.org/wiki/Don_Edmunds","États-Unis","1","1957","Pilote Indy 500"
"Guy Edwards","https://fr.wikipedia.org/wiki/Guy_Edwards","Royaume-Uni","11","1974, 1976",""
"Vic Elford","https://fr.wikipedia.org/wiki/Vic_Elford","Royaume-Uni","13","1968-1969, 1971",""
"Ed Elisian","https://en.wikipedia.org/wiki/Ed_Elisian","États-Unis","5","1954-1958","Pilote Indy 500"
"Paul Emery","https://fr.wikipedia.org/wiki/Paul_Emery","Royaume-Uni","1","1956",""
"Tomáš Enge","https://fr.wikipedia.org/wiki/Tom%C3%A1%C5%A1_Enge","Tchéquie","3","2001",""
"Marcus Ericsson","https://fr.wikipedia.org/wiki/Marcus_Ericsson","Suède","97","2014-2018",""
"Harald Ertl","https://fr.wikipedia.org/wiki/Harald_Ertl","Autriche","19","1975-1978",""
"Nasif Estéfano","https://fr.wikipedia.org/wiki/Nasif_Est%C3%A9fano","Argentine","1","1960","Décédé"
"Philippe Étancelin","https://fr.wikipedia.org/wiki/Philippe_%C3%89tancelin","France","12","1950-1952",""
"Bob Evans","https://fr.wikipedia.org/wiki/Bob_Evans_(pilote_automobile)","Royaume-Uni","10","1975-1976",""
"Corrado Fabi","https://fr.wikipedia.org/wiki/Corrado_Fabi","Italie","12","1983-1984",""
"Teo Fabi","https://fr.wikipedia.org/wiki/Teo_Fabi","Italie","64","1982, 1984-1987",""
"Pascal Fabre","https://fr.wikipedia.org/wiki/Pascal_Fabre","France","11","1987",""
"Luigi Fagioli","https://fr.wikipedia.org/wiki/Luigi_Fagioli","Italie","7","1950-1951",""
"Jack Fairman","https://fr.wikipedia.org/wiki/Jack_Fairman","Royaume-Uni","12","1953, 1956-1961",""
"Juan Manuel Fangio","https://fr.wikipedia.org/wiki/Juan_Manuel_Fangio","Argentine","51","1950-1951, 1953-1958","Champion du monde"
"Giuseppe Farina","https://fr.wikipedia.org/wiki/Giuseppe_Farina","Italie","33","1950-1955","Champion du monde"
"Walt Faulkner","https://fr.wikipedia.org/wiki/Walt_Faulkner","États-Unis","5","1950-1951, 1953-1955","Pilote Indy 500"
"Ralph Firman","https://fr.wikipedia.org/wiki/Ralph_Firman","Irlande","14","2003",""
"Rudi Fischer","https://fr.wikipedia.org/wiki/Rudi_Fischer","Suisse","7","1951-1952",""
"Mike Fisher","https://fr.wikipedia.org/wiki/Mike_Fisher_(pilote)","États-Unis","2","1967",""
"Giancarlo Fisichella","https://fr.wikipedia.org/wiki/Giancarlo_Fisichella","Italie","229","1996-2009",""
"John Fitch","https://fr.wikipedia.org/wiki/John_Fitch_(pilote_automobile)","États-Unis","2","1953, 1955",""
"Christian Fittipaldi","https://fr.wikipedia.org/wiki/Christian_Fittipaldi","Brésil","40","1992-1994",""
"Emerson Fittipaldi","https://fr.wikipedia.org/wiki/Emerson_Fittipaldi","Brésil","144","1970-1980","Champion du monde"
"Pietro Fittipaldi","https://fr.wikipedia.org/wiki/Pietro_Fittipaldi","Brésil","2","2020",""
"Wilson Fittipaldi","https://fr.wikipedia.org/wiki/Wilson_Fittipaldi","Brésil","35","1972-1973, 1975",""
"Theo Fitzau","https://fr.wikipedia.org/wiki/Theo_Fitzau","Allemagne","1","1953",""
"Pat Flaherty","https://fr.wikipedia.org/wiki/Pat_Flaherty_(pilote_automobile)","États-Unis","5","1950, 1953, 1955-1956, 1959","Pilote Indy 500"
"Jan Flinterman","https://fr.wikipedia.org/wiki/Jan_Flinterman","Pays-Bas","1","1952",""
"Ron Flockhart","https://fr.wikipedia.org/wiki/Ron_Flockhart_(pilote_automobile)","Royaume-Uni","13","1954, 1956-1960",""
"Myron Fohr","https://en.wikipedia.org/wiki/Myron_Fohr","États-Unis","1","1950","Pilote Indy 500"
"Gregor Foitek","https://fr.wikipedia.org/wiki/Gregor_Foitek","Suisse","7","1990",""
"George Follmer","https://fr.wikipedia.org/wiki/George_Follmer","États-Unis","12","1973",""
"George Fonder","https://en.wikipedia.org/wiki/George_Fonder","États-Unis","2","1952, 1954","Pilote Indy 500"
"Norberto Fontana","https://fr.wikipedia.org/wiki/Norberto_Fontana","Argentine","4","1997",""
"Carl Forberg","https://en.wikipedia.org/wiki/Carl_Forberg","États-Unis","1","1951","Pilote Indy 500"
"Gene Force","https://en.wikipedia.org/wiki/Gene_Force","États-Unis","2","1951, 1960","Pilote Indy 500"
"Franco Forini","https://fr.wikipedia.org/wiki/Franco_Forini","Suisse","2","1987",""
"Philip Fotheringham-Parker","https://fr.wikipedia.org/wiki/Philip_Fotheringham-Parker","Royaume-Uni","1","1951",""
"A. J. Foyt","https://fr.wikipedia.org/wiki/A._J._Foyt","États-Unis","3","1958-1960","Pilote Indy 500"
"Don Freeland","https://fr.wikipedia.org/wiki/Don_Freeland","États-Unis","8","1953-1960","Pilote Indy 500"
"Heinz-Harald Frentzen","https://fr.wikipedia.org/wiki/Heinz-Harald_Frentzen","Allemagne","156","1994-2003",""
"Paul Frère","https://fr.wikipedia.org/wiki/Paul_Fr%C3%A8re","Belgique","11","1952-1956",""
"Patrick Friesacher","https://fr.wikipedia.org/wiki/Patrick_Friesacher","Autriche","11","2005",""
"Joe Fry","https://fr.wikipedia.org/wiki/Joe_Fry","Royaume-Uni","1","1950","Décédé"
"Beppe Gabbiani","https://fr.wikipedia.org/wiki/Beppe_Gabbiani","Italie","3","1981",""
"Bertrand Gachot","https://fr.wikipedia.org/wiki/Bertrand_Gachot","Belgique","47","1989, 1991-1992, 1994-1995",""
"Patrick Gaillard","https://fr.wikipedia.org/wiki/Patrick_Gaillard","France","2","1979",""
"Nanni Galli","https://fr.wikipedia.org/wiki/Nanni_Galli","Italie","17","1971-1973",""
"Oscar Alfredo Gálvez","https://fr.wikipedia.org/wiki/Oscar_Alfredo_G%C3%A1lvez","Argentine","1","1953",""
"Fred Gamble","https://fr.wikipedia.org/wiki/Fred_Gamble_(pilote_automobile)","États-Unis","1","1960",""
"Howden Ganley","https://fr.wikipedia.org/wiki/Howden_Ganley","Nouvelle-Zélande","35","1971-1974",""
"Frank Gardner","https://fr.wikipedia.org/wiki/Frank_Gardner","Australie","8","1964-1965",""
"Billy Garrett","https://en.wikipedia.org/wiki/Billy_Garrett","États-Unis","2","1956, 1958","Pilote Indy 500"
"Jo Gartner","https://fr.wikipedia.org/wiki/Jo_Gartner","Autriche","8","1984","Décédé"
"Pierre Gasly","https://fr.wikipedia.org/wiki/Pierre_Gasly","France","177","depuis 2017","Pilote actuel"
"Tony Gaze","https://fr.wikipedia.org/wiki/Tony_Gaze","Australie","3","1952",""
"Geki","https://fr.wikipedia.org/wiki/Geki","Italie","2","1965-1966","Décédé"
"Olivier Gendebien","https://fr.wikipedia.org/wiki/Olivier_Gendebien","Belgique","14","1956, 1958-1961",""
"Marc Gené","https://fr.wikipedia.org/wiki/Marc_Gen%C3%A9","Espagne","36","1999-2000, 2003-2004",""
"Elmer George","https://en.wikipedia.org/wiki/Elmer_George","États-Unis","1","1957","Pilote Indy 500"
"Bob Gerard","https://fr.wikipedia.org/wiki/Bob_Gerard","Royaume-Uni","8","1950-1951, 1953-1954, 1956-1957",""
"Gerino Gerini","https://fr.wikipedia.org/wiki/Gerino_Gerini","Italie","6","1956, 1958",""
"Peter Gethin","https://fr.wikipedia.org/wiki/Peter_Gethin","Royaume-Uni","30","1970-1974",""
"Piercarlo Ghinzani","https://fr.wikipedia.org/wiki/Piercarlo_Ghinzani","Italie","76","1981, 1983-1989",""
"Bruno Giacomelli","https://fr.wikipedia.org/wiki/Bruno_Giacomelli","Italie","69","1977-1983",""
"Richie Ginther","https://fr.wikipedia.org/wiki/Richie_Ginther","États-Unis","52","1960-1966",""
"Antonio Giovinazzi","https://fr.wikipedia.org/wiki/Antonio_Giovinazzi","Italie","62","2017, 2019-2021",""
"Yves Giraud-Cabantous","https://fr.wikipedia.org/wiki/Yves_Giraud-Cabantous","France","13","1950-1953",""
"Ignazio Giunti","https://fr.wikipedia.org/wiki/Ignazio_Giunti","Italie","4","1970","Décédé"
"Timo Glock","https://fr.wikipedia.org/wiki/Timo_Glock","Allemagne","91","2004, 2008-2012",""
"Francisco Godia Sales","https://fr.wikipedia.org/wiki/Francisco_Godia_Sales","Espagne","13","1951, 1954, 1956-1958",""
"Carel Godin de Beaufort","https://fr.wikipedia.org/wiki/Carel_Godin_de_Beaufort","Pays-Bas","26","1957-1964","Décédé"
"Paul Goldsmith","https://fr.wikipedia.org/wiki/Paul_Goldsmith","États-Unis","3","1958-1960","Pilote Indy 500"
"José Froilán González","https://fr.wikipedia.org/wiki/Jos%C3%A9_Froil%C3%A1n_Gonz%C3%A1lez","Argentine","26","1950-1957, 1960",""
"Óscar González","https://fr.wikipedia.org/wiki/%C3%93scar_Gonz%C3%A1lez_(pilote)","Uruguay","1","1956",""
"Aldo Gordini","https://fr.wikipedia.org/wiki/Aldo_Gordini","France","1","1951",""
"Horace Gould","https://fr.wikipedia.org/wiki/Horace_Gould","Royaume-Uni","14","1954-1958",""
"Jean-Marc Gounon","https://fr.wikipedia.org/wiki/Jean-Marc_Gounon","France","9","1993-1994",""
"Cecil Green","https://fr.wikipedia.org/wiki/Cecil_Green","États-Unis","2","1950-1951","Pilote Indy 500"
"Keith Greene","https://fr.wikipedia.org/wiki/Keith_Greene","Royaume-Uni","3","1960-1962",""
"Masten Gregory","https://fr.wikipedia.org/wiki/Masten_Gregory","États-Unis","38","1957-1963, 1965",""
"Cliff Griffith","https://en.wikipedia.org/wiki/Cliff_Griffith","États-Unis","3","1951-1952, 1956","Pilote Indy 500"
"Georges Grignard","https://fr.wikipedia.org/wiki/Georges_Grignard","France","1","1951",""
"Bobby Grim","https://en.wikipedia.org/wiki/Bobby_Grim","États-Unis","2","1959-1960","Pilote Indy 500"
"Romain Grosjean","https://fr.wikipedia.org/wiki/Romain_Grosjean","France","179","2009, 2012-2020",""
"Olivier Grouillard","https://fr.wikipedia.org/wiki/Olivier_Grouillard","France","41","1989-1992",""
"Miguel Ángel Guerra","https://fr.wikipedia.org/wiki/Miguel_%C3%81ngel_Guerra","Argentine","1","1981",""
"Roberto Guerrero","https://fr.wikipedia.org/wiki/Roberto_Guerrero","Colombie","21","1982-1983",""
"Maurício Gugelmin","https://fr.wikipedia.org/wiki/Maur%C3%ADcio_Gugelmin","Brésil","74","1988-1992",""
"Dan Gurney","https://fr.wikipedia.org/wiki/Dan_Gurney","États-Unis","86","1959-1968, 1970",""
"Esteban Gutiérrez","https://fr.wikipedia.org/wiki/Esteban_Guti%C3%A9rrez","Mexique","59","2013-2014, 2016",""
"Isack Hadjar","https://fr.wikipedia.org/wiki/Isack_Hadjar","France","23","depuis 2025","Pilote actuel"
"Hubert Hahne","https://fr.wikipedia.org/wiki/Hubert_Hahne","Allemagne","2","1967-1968",""
"Mike Hailwood","https://fr.wikipedia.org/wiki/Mike_Hailwood","Royaume-Uni","50","1963-1965, 1971-1974",""
"Mika Häkkinen","https://fr.wikipedia.org/wiki/Mika_H%C3%A4kkinen","Finlande","161","1991-2001","Champion du monde"
"Bruce Halford","https://fr.wikipedia.org/wiki/Bruce_Halford","Royaume-Uni","8","1956-1957, 1959-1960",""
"Jim Hall","https://fr.wikipedia.org/wiki/Jim_Hall_(pilote_automobile)","États-Unis","11","1960-1961, 1963",""
"Duncan Hamilton","https://fr.wikipedia.org/wiki/Duncan_Hamilton","Royaume-Uni","5","1951-1953",""
"Lewis Hamilton","https://fr.wikipedia.org/wiki/Lewis_Hamilton","Royaume-Uni","380","depuis 2007","Pilote actuel"
"David Hampshire","https://fr.wikipedia.org/wiki/David_Hampshire","Royaume-Uni","2","1950",""
"Sam Hanks","https://fr.wikipedia.org/wiki/Sam_Hanks","États-Unis","8","1950-1957","Pilote Indy 500"
"Walt Hansgen","https://fr.wikipedia.org/wiki/Walt_Hansgen","États-Unis","2","1961, 1964","Décédé"
"Mike Harris","https://fr.wikipedia.org/wiki/Mike_Harris_(pilote_automobile)","Rhodésie","1","1962",""
"Cuth Harrison","https://fr.wikipedia.org/wiki/Cuth_Harrison","Royaume-Uni","3","1950",""
"Brendon Hartley","https://fr.wikipedia.org/wiki/Brendon_Hartley","Nouvelle-Zélande","25","2017-2018",""
"Gene Hartley","https://en.wikipedia.org/wiki/Gene_Hartley","États-Unis","8","1950, 1952-1954, 1956-1957, 1959-1960","Pilote Indy 500"
"Rio Haryanto","https://fr.wikipedia.org/wiki/Rio_Haryanto","Indonésie","12","2016",""
"Masahiro Hasemi","https://fr.wikipedia.org/wiki/Masahiro_Hasemi","Japon","1","1976",""
"Paul Hawkins","https://fr.wikipedia.org/wiki/Paul_Hawkins_(pilote_automobile)","Australie","3","1965","Décédé"
"Mike Hawthorn","https://fr.wikipedia.org/wiki/Mike_Hawthorn","Royaume-Uni","45","1952-1958","Champion du monde"
"Boy Hayje","https://en.wikipedia.org/wiki/Boy_Hayje","Pays-Bas","3","1976-1977",""
"Willi Heeks","https://fr.wikipedia.org/wiki/Willi_Heeks","Allemagne","2","1952-1953",""
"Nick Heidfeld","https://fr.wikipedia.org/wiki/Nick_Heidfeld","Allemagne","183","2000-2011",""
"Theo Helfrich","https://fr.wikipedia.org/wiki/Theo_Helfrich","Allemagne","3","1952-1954",""
"Mack Hellings","https://en.wikipedia.org/wiki/Mack_Hellings","États-Unis","2","1950-1951","Pilote Indy 500"
"Brian Henton","https://fr.wikipedia.org/wiki/Brian_Henton","Royaume-Uni","19","1975, 1977, 1981-1982",""
"Johnny Herbert","https://fr.wikipedia.org/wiki/Johnny_Herbert","Royaume-Uni","161","1989-2000",""
"Al Herman","https://en.wikipedia.org/wiki/Al_Herman","États-Unis","5","1955-1957, 1959-1960","Pilote Indy 500"
"Hans Herrmann","https://fr.wikipedia.org/wiki/Hans_Herrmann","Allemagne","17","1953-1955, 1957-1961",""
"François Hesnault","https://fr.wikipedia.org/wiki/Fran%C3%A7ois_Hesnault","France","19","1984-1985",""
"Hans Heyer","https://fr.wikipedia.org/wiki/Hans_Heyer","Allemagne","1","1977",""
"Damon Hill","https://fr.wikipedia.org/wiki/Damon_Hill","Royaume-Uni","115","1992-1999","Champion du monde"
"Graham Hill","https://fr.wikipedia.org/wiki/Graham_Hill","Royaume-Uni","175","1958-1975","Champion du monde"
"Phil Hill","https://fr.wikipedia.org/wiki/Phil_Hill","États-Unis","47","1958-1964","Champion du monde"
"Peter Hirt","https://fr.wikipedia.org/wiki/Peter_Hirt","Suisse","5","1951-1953",""
"David Hobbs","https://fr.wikipedia.org/wiki/David_Hobbs","Royaume-Uni","6","1967-1968, 1971, 1974",""
"Ingo Hoffmann","https://fr.wikipedia.org/wiki/Ingo_Hoffmann","Brésil","3","1976-1977",""
"Bill Holland","https://fr.wikipedia.org/wiki/Bill_Holland","États-Unis","2","1950, 1953","Pilote Indy 500"
"Jackie Holmes","https://en.wikipedia.org/wiki/Jackie_Holmes","États-Unis","2","1950, 1953","Pilote Indy 500"
"Bill Homeier","https://fr.wikipedia.org/wiki/Bill_Homeier","États-Unis","3","1954-1955, 1960","Pilote Indy 500"
"Kazuyoshi Hoshino","https://fr.wikipedia.org/wiki/Kazuyoshi_Hoshino","Japon","2","1976-1977",""
"Jerry Hoyt","https://fr.wikipedia.org/wiki/Jerry_Hoyt","États-Unis","4","1950, 1953-1955","Pilote Indy 500"
"Nico Hülkenberg","https://fr.wikipedia.org/wiki/Nico_H%C3%BClkenberg","Allemagne","250","2010, 2012-2020 et depuis 2022","Pilote actuel"
"Denny Hulme","https://fr.wikipedia.org/wiki/Denny_Hulme","Nouvelle-Zélande","112","1965-1974","Champion du monde"
"James Hunt","https://fr.wikipedia.org/wiki/James_Hunt","Royaume-Uni","92","1973-1979","Champion du monde"
"Jim Hurtubise","https://fr.wikipedia.org/wiki/Jim_Hurtubise","États-Unis","1","1960","Pilote Indy 500"
"Gus Hutchison","https://fr.wikipedia.org/wiki/Gus_Hutchison","États-Unis","1","1970",""
"Jacky Ickx","https://fr.wikipedia.org/wiki/Jacky_Ickx","Belgique","114","1967-1979",""
"Yuji Ide","https://fr.wikipedia.org/wiki/Yuji_Ide","Japon","4","2006",""
"Jesús Iglesias","https://fr.wikipedia.org/wiki/Jes%C3%BAs_Iglesias","Argentine","1","1955",""
"Taki Inoue","https://fr.wikipedia.org/wiki/Taki_Inoue","Japon","18","1994-1995",""
"Innes Ireland","https://fr.wikipedia.org/wiki/Innes_Ireland","Royaume-Uni","50","1959-1966",""
"Eddie Irvine","https://fr.wikipedia.org/wiki/Eddie_Irvine","Royaume-Uni","146","1993-2002",""
"Chris Irwin","https://fr.wikipedia.org/wiki/Chris_Irwin","Royaume-Uni","10","1966-1967",""
"Jean-Pierre Jabouille","https://fr.wikipedia.org/wiki/Jean-Pierre_Jabouille","France","49","1975, 1977-1981",""
"Jimmy Jackson","https://en.wikipedia.org/wiki/Jimmy_Jackson_(racing_driver)","États-Unis","2","1950, 1954","Pilote Indy 500"
"Joe James","https://en.wikipedia.org/wiki/Joe_James_(racing_driver)","États-Unis","2","1951-1952","Pilote Indy 500"
"John James","https://fr.wikipedia.org/wiki/John_James_(pilote)","Royaume-Uni","1","1951",""
"Jean-Pierre Jarier","https://fr.wikipedia.org/wiki/Jean-Pierre_Jarier","France","134","1971, 1973-1983",""
"Jyrki Järvilehto","https://fr.wikipedia.org/wiki/Jyrki_J%C3%A4rvilehto","Finlande","62","1989-1994",""
"Max Jean","https://fr.wikipedia.org/wiki/Max_Jean","France","1","1971",""
"Stefan Johansson","https://fr.wikipedia.org/wiki/Stefan_Johansson","Suède","79","1983-1989, 1991",""
"Eddie Johnson","https://fr.wikipedia.org/wiki/Eddie_Johnson_(pilote)","États-Unis","9","1952-1960","Pilote Indy 500"
"Leslie Johnson","https://fr.wikipedia.org/wiki/Leslie_Johnson","Royaume-Uni","1","1950",""
"Bruce Johnstone","https://fr.wikipedia.org/wiki/Bruce_Johnstone","Afrique du Sud","1","1962",""
"Alan Jones","https://fr.wikipedia.org/wiki/Alan_Jones","Australie","116","1975-1981, 1983, 1985-1986","Champion du monde"
"Oswald Karch","https://fr.wikipedia.org/wiki/Oswald_Karch","Allemagne","1","1953",""
"Narain Karthikeyan","https://fr.wikipedia.org/wiki/Narain_Karthikeyan","Inde","46","2005, 2011-2012",""
"Ukyo Katayama","https://fr.wikipedia.org/wiki/Ukyo_Katayama","Japon","95","1992-1997",""
"Rupert Keegan","https://fr.wikipedia.org/wiki/Rupert_Keegan","Royaume-Uni","25","1977-1978, 1980, 1982",""
"Eddie Keizan","https://fr.wikipedia.org/wiki/Eddie_Keizan","Afrique du Sud","3","1973-1975",""
"Al Keller","https://en.wikipedia.org/wiki/Al_Keller","États-Unis","5","1955-1959","Pilote Indy 500"
"Joe Kelly","https://fr.wikipedia.org/wiki/Joe_Kelly_(pilote)","Irlande","2","1950-1951",""
"Loris Kessel","https://fr.wikipedia.org/wiki/Loris_Kessel","Suisse","3","1976",""
"Nicolas Kiesa","https://fr.wikipedia.org/wiki/Nicolas_Kiesa","Danemark","5","2003",""
"Leo Kinnunen","https://fr.wikipedia.org/wiki/Leo_Kinnunen","Finlande","1","1974",""
"Danny Kladis","https://fr.wikipedia.org/wiki/Danny_Kladis","États-Unis","1","1954","Pilote Indy 500"
"Hans Klenk","https://fr.wikipedia.org/wiki/Hans_Klenk","Allemagne","1","1952",""
"Christian Klien","https://fr.wikipedia.org/wiki/Christian_Klien","Autriche","49","2004-2006, 2010",""
"Karl Kling","https://fr.wikipedia.org/wiki/Karl_Kling","Allemagne","11","1954-1955",""
"Ernst Klodwig","https://fr.wikipedia.org/wiki/Ernst_Klodwig","Allemagne","2","1952-1953",""
"Kamui Kobayashi","https://fr.wikipedia.org/wiki/Kamui_Kobayashi","Japon","75","2009-2012, 2014",""
"Helmuth Koinigg","https://fr.wikipedia.org/wiki/Helmuth_Koinigg","Autriche","2","1974","Décédé"
"Heikki Kovalainen","https://fr.wikipedia.org/wiki/Heikki_Kovalainen","Finlande","111","2007-2013",""
"Rudolf Krause","https://fr.wikipedia.org/wiki/Rudolf_Krause_(pilote)","Allemagne","2","1952-1953",""
"Robert Kubica","https://fr.wikipedia.org/wiki/Robert_Kubica","Pologne","101","2006-2010, 2019, 2021",""
"Daniil Kvyat","https://fr.wikipedia.org/wiki/Daniil_Kvyat","Russie","110","2014-2017, 2019-2020",""
"Jacques Laffite","https://fr.wikipedia.org/wiki/Jacques_Laffite","France","176","1974-1986",""
"Franck Lagorce","https://fr.wikipedia.org/wiki/Franck_Lagorce","France","2","1994",""
"Jan Lammers","https://fr.wikipedia.org/wiki/Jan_Lammers","Pays-Bas","23","1979-1982, 1992",""
"Pedro Lamy","https://fr.wikipedia.org/wiki/Pedro_Lamy","Portugal","32","1993-1996",""
"Chico Landi","https://fr.wikipedia.org/wiki/Chico_Landi","Brésil","6","1951-1953, 1956",""
"Hermann Lang","https://fr.wikipedia.org/wiki/Hermann_Lang","Allemagne","2","1953-1954",""
"Nicola Larini","https://fr.wikipedia.org/wiki/Nicola_Larini","Italie","49","1987-1992, 1994, 1997",""
"Oscar Larrauri","https://fr.wikipedia.org/wiki/Oscar_Larrauri","Argentine","7","1988",""
"Gérard Larrousse","https://fr.wikipedia.org/wiki/G%C3%A9rard_Larrousse","France","1","1974",""
"Jud Larson","https://en.wikipedia.org/wiki/Jud_Larson","États-Unis","2","1958-1959","Pilote Indy 500"
"Nicholas Latifi","https://fr.wikipedia.org/wiki/Nicholas_Latifi","Canada","61","2020-2022",""
"Niki Lauda","https://fr.wikipedia.org/wiki/Niki_Lauda","Autriche","171","1971-1979, 1982-1985","Champion du monde"
"Roger Laurent","https://fr.wikipedia.org/wiki/Roger_Laurent_(pilote_automobile)","Belgique","2","1952",""
"Giovanni Lavaggi","https://fr.wikipedia.org/wiki/Giovanni_Lavaggi","Italie","7","1995-1996",""
"Chris Lawrence","https://fr.wikipedia.org/wiki/Chris_Lawrence_(pilote_automobile)","Royaume-Uni","2","1966",""
"Liam Lawson","https://fr.wikipedia.org/wiki/Liam_Lawson","Nouvelle-Zélande","35","depuis 2023","Pilote actuel"
"Charles Leclerc","https://fr.wikipedia.org/wiki/Charles_Leclerc_(pilote_automobile)","Monaco","171","depuis 2018","Pilote actuel"
"Michel Leclère","https://fr.wikipedia.org/wiki/Michel_Lecl%C3%A8re","France","7","1975-1976",""
"Neville Lederle","https://fr.wikipedia.org/wiki/Neville_Lederle","Afrique du Sud","1","1962",""
"Geoff Lees","https://fr.wikipedia.org/wiki/Geoff_Lees","Royaume-Uni","5","1979-1980, 1982",""
"Arthur Legat","https://fr.wikipedia.org/wiki/Arthur_Legat","Belgique","2","1952-1953",""
"Lamberto Leoni","https://fr.wikipedia.org/wiki/Lamberto_Leoni","Italie","1","1978",""
"Les Leston","https://fr.wikipedia.org/wiki/Les_Leston","Royaume-Uni","2","1956-1957",""
"Pierre Levegh","https://fr.wikipedia.org/wiki/Pierre_Levegh","France","6","1950-1951","Décédé"
"Bayliss Levrett","https://en.wikipedia.org/wiki/Bayliss_Levrett","États-Unis","1","1950","Pilote Indy 500"
"Jackie Lewis","https://fr.wikipedia.org/wiki/Jackie_Lewis","Royaume-Uni","9","1961-1962",""
"Stuart Lewis-Evans","https://fr.wikipedia.org/wiki/Stuart_Lewis-Evans","Royaume-Uni","14","1957-1958","Décédé"
"Guy Ligier","https://fr.wikipedia.org/wiki/Guy_Ligier","France","12","1966-1967",""
"Andy Linden","https://fr.wikipedia.org/wiki/Andy_Linden_(pilote_automobile)","États-Unis","7","1951-1957","Pilote Indy 500"
"Roberto Lippi","https://fr.wikipedia.org/wiki/Roberto_Lippi","Italie","1","1961",""
"Vitantonio Liuzzi","https://fr.wikipedia.org/wiki/Vitantonio_Liuzzi","Italie","80","2005-2007, 2009-2011",""
"Lella Lombardi","https://fr.wikipedia.org/wiki/Lella_Lombardi","Italie","12","1975-1976",""
"Ernst Loof","https://fr.wikipedia.org/wiki/Ernst_Loof","Allemagne","1","1953",""
"André Lotterer","https://fr.wikipedia.org/wiki/Andr%C3%A9_Lotterer","Allemagne","1","2014",""
"Henri Louveau","https://fr.wikipedia.org/wiki/Henri_Louveau","France","2","1950-1951",""
"John Love","https://fr.wikipedia.org/wiki/John_Love_(pilote_automobile)","Rhodésie","9","1962-1963, 1965, 1967-1972",""
"Pete Lovely","https://fr.wikipedia.org/wiki/Pete_Lovely","États-Unis","7","1960, 1969-1971",""
"Roger Loyer","https://fr.wikipedia.org/wiki/Roger_Loyer","France","1","1954",""
"Jean Lucas","https://fr.wikipedia.org/wiki/Jean_Lucas_(pilote_automobile)","France","1","1955",""
"Brett Lunger","https://fr.wikipedia.org/wiki/Brett_Lunger","États-Unis","34","1975-1978",""
"Mike MacDowel","https://fr.wikipedia.org/wiki/Mike_MacDowel","Royaume-Uni","1","1957",""
"Herbert MacKay-Fraser","https://fr.wikipedia.org/wiki/Herbert_MacKay-Fraser","États-Unis","1","1957","Décédé"
"Bill Mackey","https://en.wikipedia.org/wiki/Bill_Mackey","États-Unis","1","1951","Pilote Indy 500"
"Lance Macklin","https://fr.wikipedia.org/wiki/Lance_Macklin","Royaume-Uni","13","1952-1955",""
"Damien Magee","https://en.wikipedia.org/wiki/Damien_Magee","Royaume-Uni","1","1975",""
"Tony Maggs","https://fr.wikipedia.org/wiki/Tony_Maggs","Afrique du Sud","25","1961-1965",""
"Mike Magill","https://en.wikipedia.org/wiki/Mike_Magill","États-Unis","3","1957-1959","Pilote Indy 500"
"Umberto Maglioli","https://fr.wikipedia.org/wiki/Umberto_Maglioli","Italie","9","1953-1957",""
"Jan Magnussen","https://fr.wikipedia.org/wiki/Jan_Magnussen","Danemark","25","1995, 1997-1998",""
"Kevin Magnussen","https://fr.wikipedia.org/wiki/Kevin_Magnussen","Danemark","185","2014, 2016-2020, 2022-2025",""
"Guy Mairesse","https://fr.wikipedia.org/wiki/Guy_Mairesse_(pilote_automobile)","France","3","1950-1951","Décédé"
"Willy Mairesse","https://fr.wikipedia.org/wiki/Willy_Mairesse","Belgique","12","1960-1963",""
"Pastor Maldonado","https://fr.wikipedia.org/wiki/Pastor_Maldonado","Venezuela","95","2011-2015",""
"Nigel Mansell","https://fr.wikipedia.org/wiki/Nigel_Mansell","Royaume-Uni","187","1980-1992, 1994-1995","Champion du monde"
"Sergio Mantovani","https://fr.wikipedia.org/wiki/Sergio_Mantovani","Italie","7","1953-1955",""
"Johnny Mantz","https://en.wikipedia.org/wiki/Johnny_Mantz","États-Unis","1","1953","Pilote Indy 500"
"Robert Manzon","https://fr.wikipedia.org/wiki/Robert_Manzon","France","28","1950-1956",""
"Onofre Marimón","https://fr.wikipedia.org/wiki/Onofre_Marim%C3%B3n","Argentine","11","1951, 1953-1954","Décédé"
"Helmut Marko","https://fr.wikipedia.org/wiki/Helmut_Marko","Autriche","9","1971-1972",""
"Tarso Marques","https://fr.wikipedia.org/wiki/Tarso_Marques","Brésil","24","1996-1997, 2001",""
"Leslie Marr","https://fr.wikipedia.org/wiki/Leslie_Marr","Royaume-Uni","2","1954-1955",""
"Tony Marsh","https://fr.wikipedia.org/wiki/Tony_Marsh_(pilote_automobile)","Royaume-Uni","4","1957-1958, 1961",""
"Eugène Martin","https://fr.wikipedia.org/wiki/Eug%C3%A8ne_Martin","France","2","1950",""
"Pierluigi Martini","https://fr.wikipedia.org/wiki/Pierluigi_Martini","Italie","118","1985, 1988-1995",""
"Jochen Mass","https://fr.wikipedia.org/wiki/Jochen_Mass","Allemagne","105","1973-1980, 1982",""
"Felipe Massa","https://fr.wikipedia.org/wiki/Felipe_Massa","Brésil","269","2002, 2004-2017",""
"Michael May","https://fr.wikipedia.org/wiki/Michael_May","Suisse","2","1961",""
"Tim Mayer","https://fr.wikipedia.org/wiki/Tim_Mayer","États-Unis","1","1962","Décédé"
"Nikita Mazepin","https://fr.wikipedia.org/wiki/Nikita_Mazepin","Russie","21","2021",""
"François Mazet","https://fr.wikipedia.org/wiki/Fran%C3%A7ois_Mazet","France","1","1971",""
"Gastón Mazzacane","https://fr.wikipedia.org/wiki/Gast%C3%B3n_Mazzacane","Argentine","21","2000-2001",""
"Kenneth McAlpine","https://fr.wikipedia.org/wiki/Kenneth_McAlpine","Royaume-Uni","7","1952-1953, 1955",""
"Ernie McCoy","https://en.wikipedia.org/wiki/Ernie_McCoy_(racing_driver)","États-Unis","2","1953-1954","Pilote Indy 500"
"Johnny McDowell","https://en.wikipedia.org/wiki/Johnny_McDowell","États-Unis","3","1950-1952","Pilote Indy 500"
"Jack McGrath","https://fr.wikipedia.org/wiki/Jack_McGrath","États-Unis","6","1950-1955","Pilote Indy 500"
"Bruce McLaren","https://fr.wikipedia.org/wiki/Bruce_McLaren","Nouvelle-Zélande","98","1959-1970","Décédé"
"Allan McNish","https://fr.wikipedia.org/wiki/Allan_McNish","Royaume-Uni","16","2002",""
"Graham McRae","https://fr.wikipedia.org/wiki/Graham_McRae","Nouvelle-Zélande","1","1973",""
"Jim McWithey","https://en.wikipedia.org/wiki/Jim_McWithey","États-Unis","2","1959-1960","Pilote Indy 500"
"Carlos Menditéguy","https://fr.wikipedia.org/wiki/Carlos_Mendit%C3%A9guy","Argentine","10","1953, 1955-1958, 1960",""
"Roberto Merhi","https://fr.wikipedia.org/wiki/Roberto_Merhi","Espagne","13","2015",""
"Arturo Merzario","https://fr.wikipedia.org/wiki/Arturo_Merzario","Italie","57","1972-1979",""
"Roberto Mieres","https://fr.wikipedia.org/wiki/Roberto_Mieres","Argentine","17","1953-1955",""
"François Migault","https://fr.wikipedia.org/wiki/Fran%C3%A7ois_Migault","France","13","1972, 1974-1975",""
"John Miles","https://fr.wikipedia.org/wiki/John_Miles_(pilote)","Royaume-Uni","12","1969-1970",""
"André Milhoux","https://fr.wikipedia.org/wiki/Andr%C3%A9_Milhoux","Belgique","1","1956",""
"Chet Miller","https://fr.wikipedia.org/wiki/Chet_Miller","États-Unis","2","1951-1952","Pilote Indy 500"
"Gerhard Mitter","https://fr.wikipedia.org/wiki/Gerhard_Mitter","Allemagne","4","1963-1965","Décédé"
"Stefano Modena","https://fr.wikipedia.org/wiki/Stefano_Modena","Italie","70","1987-1992",""
"Franck Montagny","https://fr.wikipedia.org/wiki/Franck_Montagny","France","7","2006",""
"Tiago Monteiro","https://fr.wikipedia.org/wiki/Tiago_Monteiro","Portugal","37","2005-2006",""
"Andrea Montermini","https://fr.wikipedia.org/wiki/Andrea_Montermini","Italie","20","1995-1996",""
"Robin Montgomerie-Charrington","https://fr.wikipedia.org/wiki/Robin_Montgomerie-Charrington","Royaume-Uni","1","1952",""
"Juan Pablo Montoya","https://fr.wikipedia.org/wiki/Juan_Pablo_Montoya","Colombie","94","2001-2006",""
"Gianni Morbidelli","https://fr.wikipedia.org/wiki/Gianni_Morbidelli","Italie","67","1990-1992, 1994-1995, 1997",""
"Roberto Moreno","https://fr.wikipedia.org/wiki/Roberto_Moreno","Brésil","42","1987, 1989-1992, 1995",""
"Dave Morgan","https://en.wikipedia.org/wiki/Dave_Morgan_(racing_driver)","Royaume-Uni","1","1975",""
"Silvio Moser","https://fr.wikipedia.org/wiki/Silvio_Moser","Suisse","12","1967-1971","Décédé"
"Stirling Moss","https://fr.wikipedia.org/wiki/Stirling_Moss","Royaume-Uni","66","1951-1961",""
"Gino Munaron","https://fr.wikipedia.org/wiki/Gino_Munaron","Italie","4","1960",""
"David Murray","https://fr.wikipedia.org/wiki/David_Murray_(pilote)","Royaume-Uni","4","1950-1952",""
"Luigi Musso","https://fr.wikipedia.org/wiki/Luigi_Musso","Italie","24","1953-1958","Décédé"
"Kazuki Nakajima","https://fr.wikipedia.org/wiki/Kazuki_Nakajima","Japon","36","2007-2009",""
"Satoru Nakajima","https://fr.wikipedia.org/wiki/Satoru_Nakajima","Japon","74","1987-1991",""
"Shinji Nakano","https://fr.wikipedia.org/wiki/Shinji_Nakano_(pilote_automobile)","Japon","33","1997-1998",""
"Duke Nalon","https://fr.wikipedia.org/wiki/Duke_Nalon","États-Unis","3","1951-1953","Pilote Indy 500"
"Alessandro Nannini","https://fr.wikipedia.org/wiki/Alessandro_Nannini","Italie","76","1986-1990",""
"Emanuele Naspetti","https://fr.wikipedia.org/wiki/Emanuele_Naspetti","Italie","6","1992-1993",""
"Felipe Nasr","https://fr.wikipedia.org/wiki/Felipe_Nasr","Brésil","39","2015-2016",""
"Massimo Natili","https://fr.wikipedia.org/wiki/Massimo_Natili","Italie","1","1961",""
"Brian Naylor","https://fr.wikipedia.org/wiki/Brian_Naylor","Royaume-Uni","5","1957-1961",""
"Mike Nazaruk","https://fr.wikipedia.org/wiki/Mike_Nazaruk","États-Unis","3","1951, 1953-1954","Pilote Indy 500"
"Tiff Needell","https://fr.wikipedia.org/wiki/Tiff_Needell","Royaume-Uni","1","1980",""
"Patrick Nève","https://fr.wikipedia.org/wiki/Patrick_N%C3%A8ve","Belgique","10","1976-1977",""
"John Nicholson","https://fr.wikipedia.org/wiki/John_Nicholson_(pilote_automobile)","Nouvelle-Zélande","1","1975",""
"Cal Niday","https://en.wikipedia.org/wiki/Cal_Niday","États-Unis","3","1953-1955","Pilote Indy 500"
"Helmut Niedermayr","https://fr.wikipedia.org/wiki/Helmut_Niedermayr","Allemagne","1","1952",""
"Brausch Niemann","https://fr.wikipedia.org/wiki/Brausch_Niemann","Afrique du Sud","1","1963",""
"Gunnar Nilsson","https://fr.wikipedia.org/wiki/Gunnar_Nilsson_(pilote_automobile)","Suède","31","1976-1977",""
"Hideki Noda","https://fr.wikipedia.org/wiki/Hideki_Noda","Japon","3","1994",""
"Lando Norris","https://fr.wikipedia.org/wiki/Lando_Norris","Royaume-Uni","152","depuis 2019","Pilote actuel"
"Rodney Nuckey","https://fr.wikipedia.org/wiki/Rodney_Nuckey","Royaume-Uni","1","1953",""
"Robert O'Brien","https://fr.wikipedia.org/wiki/Robert_O%27Brien","États-Unis","1","1952",""
"Pat O'Connor","https://fr.wikipedia.org/wiki/Pat_O%27Connor_(pilote_automobile)","États-Unis","5","1954-1958","Pilote Indy 500"
"Esteban Ocon","https://fr.wikipedia.org/wiki/Esteban_Ocon","France","180","2016-2018 et depuis 2020","Pilote actuel"
"Jackie Oliver","https://fr.wikipedia.org/wiki/Jackie_Oliver","Royaume-Uni","49","1968-1973, 1977",""
"Danny Ongais","https://fr.wikipedia.org/wiki/Danny_Ongais","États-Unis","4","1977-1978",""
"Arthur Owen","https://fr.wikipedia.org/wiki/Arthur_Owen","Royaume-Uni","1","1960",""
"José Carlos Pace","https://fr.wikipedia.org/wiki/Jos%C3%A9_Carlos_Pace","Brésil","72","1972-1977",""
"Nello Pagani","https://fr.wikipedia.org/wiki/Nello_Pagani","Italie","1","1950",""
"Riccardo Paletti","https://fr.wikipedia.org/wiki/Riccardo_Paletti","Italie","2","1982","Décédé"
"Torsten Palm","https://en.wikipedia.org/wiki/Torsten_Palm","Suède","1","1975",""
"Jolyon Palmer","https://fr.wikipedia.org/wiki/Jolyon_Palmer","Royaume-Uni","35","2016-2017",""
"Jonathan Palmer","https://fr.wikipedia.org/wiki/Jonathan_Palmer","Royaume-Uni","83","1983-1989",""
"Olivier Panis","https://fr.wikipedia.org/wiki/Olivier_Panis","France","158","1994-1999, 2001-2004",""
"Giorgio Pantano","https://fr.wikipedia.org/wiki/Giorgio_Pantano","Italie","14","2004",""
"Massimiliano Papis","https://fr.wikipedia.org/wiki/Massimiliano_Papis","Italie","7","1995",""
"Mike Parkes","https://fr.wikipedia.org/wiki/Mike_Parkes","Royaume-Uni","6","1966-1967",""
"Reg Parnell","https://fr.wikipedia.org/wiki/Reg_Parnell","Royaume-Uni","6","1950-1952, 1954",""
"Tim Parnell","https://fr.wikipedia.org/wiki/Tim_Parnell","Royaume-Uni","2","1961",""
"Johnnie Parsons","https://fr.wikipedia.org/wiki/Johnnie_Parsons","États-Unis","9","1950-1958","Pilote Indy 500"
"Riccardo Patrese","https://fr.wikipedia.org/wiki/Riccardo_Patrese","Italie","256","1977-1993",""
"Al Pease","https://fr.wikipedia.org/wiki/Al_Pease","Canada","2","1967, 1969",""
"Roger Penske","https://fr.wikipedia.org/wiki/Roger_Penske","États-Unis","2","1961-1962",""
"Cesare Perdisa","https://fr.wikipedia.org/wiki/Cesare_Perdisa","Italie","7","1955-1957",""
"Sergio Pérez","https://fr.wikipedia.org/wiki/Sergio_P%C3%A9rez","Mexique","281","2011-2024","Pilote actuel"
"Luis Pérez-Sala","https://fr.wikipedia.org/wiki/Luis_P%C3%A9rez-Sala","Espagne","26","1988-1989",""
"Larry Perkins","https://fr.wikipedia.org/wiki/Larry_Perkins","Australie","11","1976-1977",""
"Henri Pescarolo","https://fr.wikipedia.org/wiki/Henri_Pescarolo","France","56","1968, 1970-1974, 1976",""
"Alessandro Pesenti-Rossi","https://fr.wikipedia.org/wiki/Alessandro_Pesenti-Rossi","Italie","3","1976",""
"Josef Peters","https://fr.wikipedia.org/wiki/Josef_Peters","Allemagne","1","1952",""
"Ronnie Peterson","https://fr.wikipedia.org/wiki/Ronnie_Peterson","Suède","123","1970-1978","Décédé"
"Vitaly Petrov","https://fr.wikipedia.org/wiki/Vitaly_Petrov","Russie","57","2010-2012",""
"Oscar Piastri","https://fr.wikipedia.org/wiki/Oscar_Piastri","Australie","70","depuis 2023","Pilote actuel"
"Charles Pic","https://fr.wikipedia.org/wiki/Charles_Pic","France","39","2012-2013",""
"Ernie Pieterse","https://fr.wikipedia.org/wiki/Ernie_Pieterse","Afrique du Sud","2","1962-1963",""
"Paul Pietsch","https://fr.wikipedia.org/wiki/Paul_Pietsch","Allemagne","3","1950-1952",""
"André Pilette","https://fr.wikipedia.org/wiki/Andr%C3%A9_Pilette","Belgique","9","1951, 1953-1954, 1956, 1964",""
"Teddy Pilette","https://fr.wikipedia.org/wiki/Teddy_Pilette","Belgique","1","1974",""
"Luigi Piotti","https://fr.wikipedia.org/wiki/Luigi_Piotti","Italie","5","1956-1957",""
"David Piper","https://fr.wikipedia.org/wiki/David_Piper_(pilote_automobile)","Royaume-Uni","2","1959-1960",""
"Nelson Piquet","https://fr.wikipedia.org/wiki/Nelson_Piquet","Brésil","204","1978-1991","Champion du monde"
"Nelson Angelo Piquet","https://fr.wikipedia.org/wiki/Nelson_Angelo_Piquet","Brésil","28","2008-2009",""
"Renato Pirocchi","https://fr.wikipedia.org/wiki/Renato_Pirocchi","Italie","1","1961",""
"Didier Pironi","https://fr.wikipedia.org/wiki/Didier_Pironi","France","70","1978-1982",""
"Emanuele Pirro","https://fr.wikipedia.org/wiki/Emanuele_Pirro","Italie","37","1989-1991",""
"Antônio Pizzonia","https://fr.wikipedia.org/wiki/Ant%C3%B4nio_Pizzonia","Brésil","20","2003-2005",""
"Jacques Pollet","https://fr.wikipedia.org/wiki/Jacques_Pollet","France","5","1954-1955",""
"Ben Pon","https://fr.wikipedia.org/wiki/Ben_Pon","Pays-Bas","1","1962",""
"Dennis Poore","https://fr.wikipedia.org/wiki/Dennis_Poore","Royaume-Uni","2","1952",""
"Sam Posey","https://fr.wikipedia.org/wiki/Sam_Posey","États-Unis","2","1971-1972",""
"Charles Pozzi","https://fr.wikipedia.org/wiki/Charles_Pozzi","France","1","1950",""
"Jackie Pretorius","https://fr.wikipedia.org/wiki/Jackie_Pretorius","Afrique du Sud","3","1968, 1971, 1973",""
"David Prophet","https://fr.wikipedia.org/wiki/David_Prophet","Royaume-Uni","2","1963, 1965",""
"Alain Prost","https://fr.wikipedia.org/wiki/Alain_Prost","France","199","1980-1991, 1993","Champion du monde"
"Tom Pryce","https://fr.wikipedia.org/wiki/Tom_Pryce","Royaume-Uni","42","1974-1977","Décédé"
"David Purley","https://fr.wikipedia.org/wiki/David_Purley","Royaume-Uni","7","1973, 1977",""
"Dieter Quester","https://fr.wikipedia.org/wiki/Dieter_Quester","Autriche","1","1974",""
"Ian Raby","https://fr.wikipedia.org/wiki/Ian_Raby","Royaume-Uni","3","1963-1965","Décédé"
"Bobby Rahal","https://fr.wikipedia.org/wiki/Bobby_Rahal","États-Unis","2","1978",""
"Kimi Räikkönen","https://fr.wikipedia.org/wiki/Kimi_R%C3%A4ikk%C3%B6nen","Finlande","350","2001-2009, 2012-2021","Champion du monde"
"Pierre-Henri Raphanel","https://fr.wikipedia.org/wiki/Pierre-Henri_Raphanel","France","1","1989",""
"Dick Rathmann","https://fr.wikipedia.org/wiki/Dick_Rathmann","États-Unis","5","1950, 1956, 1958-1960","Pilote Indy 500"
"Jim Rathmann","https://fr.wikipedia.org/wiki/Jim_Rathmann","États-Unis","10","1950, 1952-1960","Pilote Indy 500"
"Roland Ratzenberger","https://fr.wikipedia.org/wiki/Roland_Ratzenberger","Autriche","1","1994","Décédé"
"Héctor Rebaque","https://fr.wikipedia.org/wiki/H%C3%A9ctor_Rebaque","Mexique","41","1977-1981",""
"Brian Redman","https://fr.wikipedia.org/wiki/Brian_Redman","Royaume-Uni","12","1968, 1971-1974",""
"Jimmy Reece","https://en.wikipedia.org/wiki/Jimmy_Reece","États-Unis","6","1952, 1954-1958","Pilote Indy 500"
"Alan Rees","https://fr.wikipedia.org/wiki/Alan_Rees","Royaume-Uni","1","1967",""
"Clay Regazzoni","https://fr.wikipedia.org/wiki/Clay_Regazzoni","Suisse","132","1970-1980",""
"Carlos Reutemann","https://fr.wikipedia.org/wiki/Carlos_Reutemann","Argentine","146","1972-1982",""
"Lance Reventlow","https://fr.wikipedia.org/wiki/Lance_Reventlow","États-Unis","1","1960",""
"Peter Revson","https://fr.wikipedia.org/wiki/Peter_Revson","États-Unis","30","1964, 1971-1974","Décédé"
"John Rhodes","https://fr.wikipedia.org/wiki/John_Rhodes","Royaume-Uni","1","1965",""
"Alex Ribeiro","https://fr.wikipedia.org/wiki/Alex_Ribeiro_(pilote_automobile)","Brésil","10","1976-1977",""
"Daniel Ricciardo","https://fr.wikipedia.org/wiki/Daniel_Ricciardo","Australie","257","2011-2024",""
"Fritz Riess","https://fr.wikipedia.org/wiki/Fritz_Riess","Allemagne","1","1952",""
"Jim Rigsby","https://en.wikipedia.org/wiki/Jim_Rigsby","États-Unis","1","1952","Pilote Indy 500"
"Jochen Rindt","https://fr.wikipedia.org/wiki/Jochen_Rindt","Autriche","60","1964-1970","Champion du monde"
"John Riseley-Prichard","https://fr.wikipedia.org/wiki/John_Riseley-Prichard","Royaume-Uni","1","1954",""
"Richard Robarts","https://fr.wikipedia.org/wiki/Richard_Robarts","Royaume-Uni","3","1974",""
"Alberto Rodriguez Larreta","https://fr.wikipedia.org/wiki/Alberto_Rodriguez_Larreta","Argentine","1","1960",""
"Pedro Rodríguez de la Vega","https://fr.wikipedia.org/wiki/Pedro_Rodr%C3%ADguez_de_la_Vega","Mexique","54","1963-1971","Décédé"
"Ricardo Rodríguez de la Vega","https://fr.wikipedia.org/wiki/Ricardo_Rodr%C3%ADguez_de_la_Vega","Mexique","5","1961-1962","Décédé"
"Franco Rol","https://fr.wikipedia.org/wiki/Franco_Rol","Italie","5","1950-1952",""
"Tony Rolt","https://fr.wikipedia.org/wiki/Tony_Rolt","Royaume-Uni","3","1950, 1953, 1955",""
"Bertil Roos","https://en.wikipedia.org/wiki/Bertil_Roos","Suède","1","1974",""
"Keke Rosberg","https://fr.wikipedia.org/wiki/Keke_Rosberg","Finlande","114","1978-1986","Champion du monde"
"Nico Rosberg","https://fr.wikipedia.org/wiki/Nico_Rosberg","Allemagne","206","2006-2016","Champion du monde"
"Mauri Rose","https://fr.wikipedia.org/wiki/Mauri_Rose","États-Unis","2","1950-1951","Pilote Indy 500"
"Louis Rosier","https://fr.wikipedia.org/wiki/Louis_Rosier","France","38","1950-1956","Décédé"
"Ricardo Rosset","https://fr.wikipedia.org/wiki/Ricardo_Rosset","Brésil","27","1996, 1998",""
"Alexander Rossi","https://fr.wikipedia.org/wiki/Alexander_Rossi","États-Unis","5","2015",""
"Huub Rothengatter","https://fr.wikipedia.org/wiki/Huub_Rothengatter","Pays-Bas","25","1984-1986",""
"Lloyd Ruby","https://fr.wikipedia.org/wiki/Lloyd_Ruby","États-Unis","2","1960-1961","Pilote Indy 500"
"George Russell","https://fr.wikipedia.org/wiki/George_Russell_(pilote_automobile)","Royaume-Uni","152","depuis 2019","Pilote actuel"
"Eddie Russo","https://en.wikipedia.org/wiki/Eddie_Russo","États-Unis","5","1955-1957, 1960","Pilote Indy 500"
"Paul Russo","https://fr.wikipedia.org/wiki/Paul_Russo","États-Unis","8","1950, 1953-1954, 1956-1959","Pilote Indy 500"
"Troy Ruttman","https://fr.wikipedia.org/wiki/Troy_Ruttman","États-Unis","8","1950-1952, 1954, 1956-1958, 1960","Pilote Indy 500"
"Peter Ryan","https://fr.wikipedia.org/wiki/Peter_Ryan_(pilote_automobile)","Canada","1","1961","Décédé"
"Eddie Sachs","https://fr.wikipedia.org/wiki/Eddie_Sachs","États-Unis","4","1957-1960","Pilote Indy 500"
"Bob Said","https://fr.wikipedia.org/wiki/Bob_Said","États-Unis","1","1959",""
"Carlos Sainz Jr.","https://fr.wikipedia.org/wiki/Carlos_Sainz_Jr.","Espagne","229","depuis 2015","Pilote actuel"
"Eliseo Salazar","https://fr.wikipedia.org/wiki/Eliseo_Salazar","Chili","24","1981-1983",""
"Mika Salo","https://fr.wikipedia.org/wiki/Mika_Salo","Finlande","110","1994-2000, 2002",""
"Roy Salvadori","https://fr.wikipedia.org/wiki/Roy_Salvadori","Royaume-Uni","47","1952-1962",""
"Consalvo Sanesi","https://fr.wikipedia.org/wiki/Consalvo_Sanesi","Italie","5","1950-1951",""
"Logan Sargeant","https://fr.wikipedia.org/wiki/Logan_Sargeant","États-Unis","36","2023-2024",""
"Stéphane Sarrazin","https://fr.wikipedia.org/wiki/St%C3%A9phane_Sarrazin","France","1","1999",""
"Takuma Satō","https://fr.wikipedia.org/wiki/Takuma_Sat%C5%8D","Japon","90","2002-2008",""
"Carl Scarborough","https://fr.wikipedia.org/wiki/Carl_Scarborough","États-Unis","2","1951, 1953","Pilote Indy 500"
"Ludovico Scarfiotti","https://fr.wikipedia.org/wiki/Ludovico_Scarfiotti","Italie","10","1963-1964, 1966-1968","Décédé"
"Giorgio Scarlatti","https://fr.wikipedia.org/wiki/Giorgio_Scarlatti","Italie","12","1956-1961",""
"Ian Scheckter","https://fr.wikipedia.org/wiki/Ian_Scheckter","Afrique du Sud","18","1974-1977",""
"Jody Scheckter","https://fr.wikipedia.org/wiki/Jody_Scheckter","Afrique du Sud","112","1972-1980","Champion du monde"
"Harry Schell","https://fr.wikipedia.org/wiki/Harry_Schell","États-Unis","56","1950-1960","Décédé"
"Tim Schenken","https://fr.wikipedia.org/wiki/Tim_Schenken","Australie","34","1970-1974",""
"Albert Scherrer","https://fr.wikipedia.org/wiki/Albert_Scherrer","Suisse","1","1953",""
"Domenico Schiattarella","https://fr.wikipedia.org/wiki/Domenico_Schiattarella","Italie","7","1994-1995",""
"Heinz Schiller","https://fr.wikipedia.org/wiki/Heinz_Schiller","Suisse","1","1962",""
"Bill Schindler","https://en.wikipedia.org/wiki/Bill_Schindler","États-Unis","3","1950-1952","Pilote Indy 500"
"Jean-Louis Schlesser","https://fr.wikipedia.org/wiki/Jean-Louis_Schlesser","France","1","1988",""
"Jo Schlesser","https://fr.wikipedia.org/wiki/Jo_Schlesser","France","1","1968","Décédé"
"Bernd Schneider","https://fr.wikipedia.org/wiki/Bernd_Schneider_(pilote_automobile)","Allemagne","9","1988-1990",""
"Rudolf Schoeller","https://fr.wikipedia.org/wiki/Rudolf_Schoeller","Suisse","1","1952",""
"Rob Schroeder","https://fr.wikipedia.org/wiki/Rob_Schroeder","États-Unis","1","1962",""
"Michael Schumacher","https://fr.wikipedia.org/wiki/Michael_Schumacher","Allemagne","307","1991-2006, 2010-2012","Champion du monde"
"Mick Schumacher","https://fr.wikipedia.org/wiki/Mick_Schumacher","Allemagne","43","2021-2022",""
"Ralf Schumacher","https://fr.wikipedia.org/wiki/Ralf_Schumacher","Allemagne","180","1997-2007",""
"Vern Schuppan","https://fr.wikipedia.org/wiki/Vern_Schuppan","Australie","9","1974-1975, 1977",""
"Adolfo Schwelm Cruz","https://fr.wikipedia.org/wiki/Adolfo_Schwelm_Cruz","Argentine","1","1953",""
"Bob Scott","https://en.wikipedia.org/wiki/Bob_Scott_(racing_driver)","États-Unis","3","1952-1954","Pilote Indy 500"
"Archie Scott Brown","https://fr.wikipedia.org/wiki/Archie_Scott_Brown","Royaume-Uni","1","1956","Décédé"
"Piero Scotti","https://fr.wikipedia.org/wiki/Piero_Scotti","Italie","1","1956",""
"Wolfgang Seidel","https://fr.wikipedia.org/wiki/Wolfgang_Seidel","Allemagne","9","1953, 1958, 1960-1962",""
"Ayrton Senna","https://fr.wikipedia.org/wiki/Ayrton_Senna","Brésil","161","1984-1994","Champion du monde"
"Bruno Senna","https://fr.wikipedia.org/wiki/Bruno_Senna","Brésil","46","2010-2012",""
"Dorino Serafini","https://fr.wikipedia.org/wiki/Dorino_Serafini","Italie","1","1950",""
"Chico Serra","https://fr.wikipedia.org/wiki/Chico_Serra","Brésil","18","1981-1983",""
"Doug Serrurier","https://fr.wikipedia.org/wiki/Doug_Serrurier","Afrique du Sud","2","1962-1963",""
"Johnny Servoz-Gavin","https://fr.wikipedia.org/wiki/Johnny_Servoz-Gavin","France","11","1967-1970",""
"Tony Settember","https://fr.wikipedia.org/wiki/Tony_Settember","États-Unis","6","1962-1963",""
"Hap Sharp","https://fr.wikipedia.org/wiki/Hap_Sharp","États-Unis","6","1961-1964",""
"Brian Shawe-Taylor","https://fr.wikipedia.org/wiki/Brian_Shawe-Taylor","Royaume-Uni","2","1950-1951",""
"Carroll Shelby","https://fr.wikipedia.org/wiki/Carroll_Shelby","États-Unis","8","1958-1959",""
"Tony Shelly","https://fr.wikipedia.org/wiki/Tony_Shelly","Nouvelle-Zélande","1","1962",""
"Joseph Siffert","https://fr.wikipedia.org/wiki/Joseph_Siffert","Suisse","96","1962-1971","Décédé"
"André Simon","https://fr.wikipedia.org/wiki/Andr%C3%A9_Simon_(pilote_automobile)","France","11","1951-1952, 1955-1957",""
"Sergey Sirotkin","https://fr.wikipedia.org/wiki/Sergey_Sirotkin","Russie","21","2018",""
"Moisés Solana","https://fr.wikipedia.org/wiki/Mois%C3%A9s_Solana","Mexique","8","1963-1968","Décédé"
"Alex Soler-Roig","https://fr.wikipedia.org/wiki/Alex_Soler-Roig","Espagne","6","1971-1972",""
"Raymond Sommer","https://fr.wikipedia.org/wiki/Raymond_Sommer","France","5","1950","Décédé"
"Mike Sparken","https://fr.wikipedia.org/wiki/Mike_Sparken","France","1","1955",""
"Scott Speed","https://fr.wikipedia.org/wiki/Scott_Speed","États-Unis","28","2006-2007",""
"Mike Spence","https://fr.wikipedia.org/wiki/Mike_Spence","Royaume-Uni","36","1963-1968","Décédé"
"Alan Stacey","https://fr.wikipedia.org/wiki/Alan_Stacey","Royaume-Uni","7","1958-1960","Décédé"
"Gaetano Starrabba","https://fr.wikipedia.org/wiki/Gaetano_Starrabba","Italie","1","1961",""
"Will Stevens","https://fr.wikipedia.org/wiki/Will_Stevens","Royaume-Uni","18","2014-2015",""
"Chuck Stevenson","https://fr.wikipedia.org/wiki/Chuck_Stevenson","États-Unis","5","1951-1954, 1960","Pilote Indy 500"
"Ian Stewart","https://fr.wikipedia.org/wiki/Ian_Stewart_(pilote_automobile)","Royaume-Uni","1","1953",""
"Jackie Stewart","https://fr.wikipedia.org/wiki/Jackie_Stewart","Royaume-Uni","99","1965-1973","Champion du monde"
"Jimmy Stewart","https://fr.wikipedia.org/wiki/Jimmy_Stewart_(pilote_automobile)","Royaume-Uni","1","1953",""
"Siegfried Stohr","https://fr.wikipedia.org/wiki/Siegfried_Stohr","Italie","9","1981",""
"Rolf Stommelen","https://fr.wikipedia.org/wiki/Rolf_Stommelen","Allemagne","53","1970-1976, 1978","Décédé"
"Philippe Streiff","https://fr.wikipedia.org/wiki/Philippe_Streiff","France","53","1984-1988",""
"Lance Stroll","https://fr.wikipedia.org/wiki/Lance_Stroll","Canada","189","depuis 2017","Pilote actuel"
"Hans Stuck","https://fr.wikipedia.org/wiki/Hans_Stuck","Allemagne","3","1952-1953",""
"Hans-Joachim Stuck","https://fr.wikipedia.org/wiki/Hans-Joachim_Stuck","Allemagne","74","1974-1979",""
"Danny Sullivan","https://fr.wikipedia.org/wiki/Danny_Sullivan","États-Unis","15","1983",""
"Marc Surer","https://fr.wikipedia.org/wiki/Marc_Surer","Suisse","81","1979-1986",""
"John Surtees","https://fr.wikipedia.org/wiki/John_Surtees","Royaume-Uni","111","1960-1972","Champion du monde"
"Adrian Sutil","https://fr.wikipedia.org/wiki/Adrian_Sutil","Allemagne","128","2007-2011, 2013-2014",""
"Len Sutton","https://en.wikipedia.org/wiki/Len_Sutton","États-Unis","3","1958-1960","Pilote Indy 500"
"Aguri Suzuki","https://fr.wikipedia.org/wiki/Aguri_Suzuki","Japon","64","1988, 1990-1995",""
"Toshio Suzuki","https://fr.wikipedia.org/wiki/Toshio_Suzuki_(pilote_automobile)","Japon","2","1993",""
"Jacques Swaters","https://fr.wikipedia.org/wiki/Jacques_Swaters","Belgique","7","1951, 1953-1954",""
"Bob Sweikert","https://fr.wikipedia.org/wiki/Bob_Sweikert","États-Unis","5","1952-1956","Pilote Indy 500"
"Toranosuke Takagi","https://fr.wikipedia.org/wiki/Toranosuke_Takagi","Japon","32","1998-1999",""
"Noritake Takahara","https://fr.wikipedia.org/wiki/Noritake_Takahara","Japon","2","1976-1977",""
"Kunimitsu Takahashi","https://fr.wikipedia.org/wiki/Kunimitsu_Takahashi","Japon","1","1977",""
"Patrick Tambay","https://fr.wikipedia.org/wiki/Patrick_Tambay","France","114","1977-1979, 1981-1986",""
"Gabriele Tarquini","https://fr.wikipedia.org/wiki/Gabriele_Tarquini","Italie","38","1987-1992, 1995",""
"Piero Taruffi","https://fr.wikipedia.org/wiki/Piero_Taruffi","Italie","18","1950-1952, 1954-1956",""
"Henry Taylor","https://fr.wikipedia.org/wiki/Henry_Taylor_(pilote_automobile)","Royaume-Uni","8","1959-1961",""
"John Taylor","https://fr.wikipedia.org/wiki/John_Taylor_(pilote_automobile,_1933)","Royaume-Uni","5","1964, 1966","Décédé"
"Mike Taylor","https://fr.wikipedia.org/wiki/Mike_Taylor_(pilote_automobile)","Royaume-Uni","1","1959",""
"Trevor Taylor","https://fr.wikipedia.org/wiki/Trevor_Taylor","Royaume-Uni","27","1961-1964, 1966",""
"Marshall Teague","https://fr.wikipedia.org/wiki/Marshall_Teague","États-Unis","3","1953-1954, 1957","Pilote Indy 500"
"Shorty Templeman","https://en.wikipedia.org/wiki/Shorty_Templeman","États-Unis","3","1955, 1958, 1960","Pilote Indy 500"
"Mike Thackwell","https://fr.wikipedia.org/wiki/Mike_Thackwell","Nouvelle-Zélande","2","1980, 1984",""
"Alfonso Thiele","https://fr.wikipedia.org/wiki/Alfonso_Thiele","États-Unis","1","1960",""
"Eric Thompson","https://fr.wikipedia.org/wiki/Eric_Thompson_(pilote_automobile)","Royaume-Uni","1","1952",""
"Johnny Thomson","https://fr.wikipedia.org/wiki/Johnny_Thomson","États-Unis","8","1953-1960","Pilote Indy 500"
"Leslie Thorne","https://fr.wikipedia.org/wiki/Leslie_Thorne","Royaume-Uni","1","1954",""
"Bud Tingelstad","https://en.wikipedia.org/wiki/Bud_Tingelstad","États-Unis","1","1960","Pilote Indy 500"
"Sam Tingle","https://fr.wikipedia.org/wiki/Sam_Tingle","Rhodésie","5","1963, 1965, 1967-1969",""
"Desmond Titterington","https://fr.wikipedia.org/wiki/Desmond_Titterington","Royaume-Uni","1","1956",""
"Johnnie Tolan","https://fr.wikipedia.org/wiki/Johnnie_Tolan","États-Unis","3","1956-1958","Pilote Indy 500"
"Maurice Trintignant","https://fr.wikipedia.org/wiki/Maurice_Trintignant","France","81","1950-1964",""
"Jarno Trulli","https://fr.wikipedia.org/wiki/Jarno_Trulli","Italie","252","1997-2011",""
"Yuki Tsunoda","https://fr.wikipedia.org/wiki/Yuki_Tsunoda","Japon","111","depuis 2021","Pilote actuel"
"Esteban Tuero","https://fr.wikipedia.org/wiki/Esteban_Tuero","Argentine","16","1998",""
"Guy Tunmer","https://fr.wikipedia.org/wiki/Guy_Tunmer","Afrique du Sud","1","1975",""
"Jack Turner","https://en.wikipedia.org/wiki/Jack_Turner_(racing_driver)","États-Unis","4","1956-1959","Pilote Indy 500"
"Toni Ulmen","https://fr.wikipedia.org/wiki/Toni_Ulmen","Allemagne","2","1952",""
"Bobby Unser","https://fr.wikipedia.org/wiki/Bobby_Unser","États-Unis","1","1968",""
"Jerry Unser","https://fr.wikipedia.org/wiki/Jerry_Unser","États-Unis","1","1958","Pilote Indy 500"
"Alberto Uria","https://fr.wikipedia.org/wiki/Alberto_Uria","Uruguay","2","1955-1956",""
"Nino Vaccarella","https://fr.wikipedia.org/wiki/Nino_Vaccarella","Italie","4","1961-1962, 1965",""
"Stoffel Vandoorne","https://fr.wikipedia.org/wiki/Stoffel_Vandoorne","Belgique","41","2016-2018",""
"Eric van de Poele","https://fr.wikipedia.org/wiki/Eric_van_de_Poele","Belgique","5","1991-1992",""
"Giedo van der Garde","https://fr.wikipedia.org/wiki/Giedo_van_der_Garde","Pays-Bas","19","2013",""
"Dries Van der Lof","https://fr.wikipedia.org/wiki/Dries_Van_der_Lof","Pays-Bas","1","1952",""
"Gijs van Lennep","https://fr.wikipedia.org/wiki/Gijs_van_Lennep","Pays-Bas","8","1971, 1973-1975",""
"Basil van Rooyen","https://fr.wikipedia.org/wiki/Basil_van_Rooyen","Afrique du Sud","2","1968-1969",""
"Bob Veith","https://en.wikipedia.org/wiki/Bob_Veith","États-Unis","5","1956-1960","Pilote Indy 500"
"Jean-Éric Vergne","https://fr.wikipedia.org/wiki/Jean-%C3%89ric_Vergne","France","58","2012-2014",""
"Jos Verstappen","https://fr.wikipedia.org/wiki/Jos_Verstappen","Pays-Bas","107","1994-1998, 2000-2001, 2003",""
"Max Verstappen","https://fr.wikipedia.org/wiki/Max_Verstappen","Pays-Bas","233","depuis 2015","Champion du monde"
"Sebastian Vettel","https://fr.wikipedia.org/wiki/Sebastian_Vettel","Allemagne","299","2007-2022","Champion du monde"
"Gilles Villeneuve","https://fr.wikipedia.org/wiki/Gilles_Villeneuve","Canada","67","1977-1982","Décédé"
"Jacques Villeneuve","https://fr.wikipedia.org/wiki/Jacques_Villeneuve","Canada","163","1996-2006","Champion du monde"
"Luigi Villoresi","https://fr.wikipedia.org/wiki/Luigi_Villoresi","Italie","31","1950-1956",""
"Ottorino Volonterio","https://fr.wikipedia.org/wiki/Ottorino_Volonterio","Suisse","3","1954, 1956-1957",""
"Rikky von Opel","https://fr.wikipedia.org/wiki/Rikky_von_Opel","Liechtenstein","10","1973-1974",""
"Wolfgang von Trips","https://fr.wikipedia.org/wiki/Wolfgang_von_Trips","Allemagne","27","1957-1961","Décédé"
"Jo Vonlanthen","https://fr.wikipedia.org/wiki/Jo_Vonlanthen","Suisse","1","1975",""
"Bill Vukovich","https://fr.wikipedia.org/wiki/Bill_Vukovich","États-Unis","5","1951-1955","Pilote Indy 500"
"Fred Wacker","https://fr.wikipedia.org/wiki/Fred_Wacker","États-Unis","3","1953-1954",""
"David Walker","https://fr.wikipedia.org/wiki/David_Walker_(pilote_automobile)","Australie","11","1971-1972",""
"Peter Walker","https://fr.wikipedia.org/wiki/Peter_Walker_(pilote_automobile)","Royaume-Uni","4","1950-1951, 1955",""
"Lee Wallard","https://fr.wikipedia.org/wiki/Lee_Wallard","États-Unis","2","1950-1951","Pilote Indy 500"
"Heini Walter","https://fr.wikipedia.org/wiki/Heini_Walter","Suisse","1","1962",""
"Rodger Ward","https://fr.wikipedia.org/wiki/Rodger_Ward","États-Unis","12","1951-1963","Pilote Indy 500"
"Derek Warwick","https://fr.wikipedia.org/wiki/Derek_Warwick","Royaume-Uni","146","1981-1990, 1993",""
"John Watson","https://fr.wikipedia.org/wiki/John_Watson_(pilote_automobile)","Royaume-Uni","152","1973-1983, 1985",""
"Travis Webb","https://en.wikipedia.org/wiki/Travis_Webb","États-Unis","4","1950, 1952-1954","Pilote Indy 500"
"Mark Webber","https://fr.wikipedia.org/wiki/Mark_Webber","Australie","215","2002-2013",""
"Pascal Wehrlein","https://fr.wikipedia.org/wiki/Pascal_Wehrlein","Allemagne","39","2016-2017",""
"Wayne Weiler","https://en.wikipedia.org/wiki/Wayne_Weiler","États-Unis","1","1960","Pilote Indy 500"
"Karl Wendlinger","https://fr.wikipedia.org/wiki/Karl_Wendlinger","Autriche","41","1991-1995",""
"Chuck Weyant","https://en.wikipedia.org/wiki/Chuck_Weyant","États-Unis","4","1955, 1957-1959","Pilote Indy 500"
"Ken Wharton","https://fr.wikipedia.org/wiki/Ken_Wharton","Royaume-Uni","15","1952-1955","Décédé"
"Graham Whitehead","https://fr.wikipedia.org/wiki/Graham_Whitehead","Royaume-Uni","1","1952",""
"Peter Whitehead","https://fr.wikipedia.org/wiki/Peter_Whitehead","Royaume-Uni","10","1950-1954","Décédé"
"Bill Whitehouse","https://fr.wikipedia.org/wiki/Bill_Whitehouse","Royaume-Uni","1","1954","Décédé"
"Robin Widdows","https://fr.wikipedia.org/wiki/Robin_Widdows","Royaume-Uni","1","1968",""
"Eppie Wietzes","https://fr.wikipedia.org/wiki/Eppie_Wietzes","Canada","2","1967, 1974",""
"Mike Wilds","https://fr.wikipedia.org/wiki/Mike_Wilds","Royaume-Uni","3","1974-1975",""
"Jonathan Williams","https://fr.wikipedia.org/wiki/Jonathan_Williams_(pilote_automobile)","Royaume-Uni","1","1967",""
"Roger Williamson","https://fr.wikipedia.org/wiki/Roger_Williamson","Royaume-Uni","2","1973","Décédé"
"Dempsey Wilson","https://en.wikipedia.org/wiki/Dempsey_Wilson","États-Unis","2","1958, 1960","Pilote Indy 500"
"Justin Wilson","https://fr.wikipedia.org/wiki/Justin_Wilson","Royaume-Uni","16","2003","Décédé"
"Vic Wilson","https://fr.wikipedia.org/wiki/Vic_Wilson","Royaume-Uni","1","1960",""
"Manfred Winkelhock","https://fr.wikipedia.org/wiki/Manfred_Winkelhock","Allemagne","47","1982-1985","Décédé"
"Markus Winkelhock","https://fr.wikipedia.org/wiki/Markus_Winkelhock","Allemagne","1","2007",""
"Reine Wisell","https://fr.wikipedia.org/wiki/Reine_Wisell","Suède","22","1970-1974",""
"Roelof Wunderink","https://en.wikipedia.org/wiki/Roelof_Wunderink","Pays-Bas","3","1975",""
"Alexander Wurz","https://fr.wikipedia.org/wiki/Alexander_Wurz","Autriche","69","1997-2000, 2005, 2007",""
"Sakon Yamamoto","https://fr.wikipedia.org/wiki/Sakon_Yamamoto","Japon","21","2006-2007, 2010",""
"Alex Yoong","https://fr.wikipedia.org/wiki/Alex_Yoong","Malaisie","14","2001-2002",""
"Alessandro Zanardi","https://fr.wikipedia.org/wiki/Alessandro_Zanardi","Italie","41","1991-1994, 1999",""
"Zhou Guanyu","https://fr.wikipedia.org/wiki/Zhou_Guanyu","République populaire de Chine","68","2022-2024",""
"Ricardo Zonta","https://fr.wikipedia.org/wiki/Ricardo_Zonta","Brésil","36","1999-2001, 2004",""
"Renzo Zorzi","https://fr.wikipedia.org/wiki/Renzo_Zorzi","Italie","7","1975-1977",""
"Ricardo Zunino","https://fr.wikipedia.org/wiki/Ricardo_Zunino","Argentine","10","1979-1981",""
