no,Date,Grand Prix,Lieu,Vainqueur,Écurie,Pole position,Record du tour,Pilote du jour[Note 1],Résumé
1150,8 mars,Grand Prix d'Australie,Melbourne,,,,,,Résumé
1151,15 mars,Grand Prix de Chine,Shanghai,,,,,,Résumé
1152,29 mars,Grand Prix du Japon,Suzuka,,,,,,Résumé
1153,12 avril,Grand Prix de Bahreïn,Sakhir,,,,,,Résumé
1154,19 avril,Grand Prix d'Arabie saoudite,Djeddah,,,,,,Résumé
1155,3 mai,Grand Prix de Miami,Miami Gardens,,,,,,Résumé
1156,24 mai,Grand Prix du Canada,Montréal,,,,,,Résumé
1157,7 juin,Grand Prix de Monaco,Monaco,,,,,,Résumé
1158,14 juin,Grand Prix de Barcelone-Catalogne,Barcelone,,,,,,Résumé
1159,28 juin,Grand Prix d'Autriche,Spielberg,,,,,,Résumé
1160,5 juillet,Grand Prix de Grande-Bretagne,Silverstone,,,,,,Résumé
1161,19 juillet,Grand Prix de Belgique,Spa-Francorchamps,,,,,,Résumé
1162,26 juillet,Grand Prix de Hongrie,Budapest,,,,,,Résumé
1163,23 août,Grand Prix des Pays-Bas,Zandvoort,,,,,,Résumé
1164,6 septembre,Grand Prix d'Italie,Monza,,,,,,Résumé
1165,13 septembre,Grand Prix d'Espagne,Madring,,,,,,Résumé
1166,26 septembre,Grand Prix d'Azerbaïdjan,Bakou,,,,,,Résumé
1167,11 octobre,Grand Prix de Singapour,Marina Bay,,,,,,Résumé
1168,25 octobre,Grand Prix des États-Unis,Austin,,,,,,Résumé
1169,1er novembre,Grand Prix de Mexico,Mexico,,,,,,Résumé
1170,8 novembre,Grand Prix de São Paulo,São Paulo,,,,,,Résumé
1171,21 novembre,Grand Prix de Las Vegas,Las Vegas,,,,,,Résumé
1172,29 novembre,Grand Prix du Qatar,Losail,,,,,,Résumé
1173,6 décembre,Grand Prix d'Abou Dabi,Yas Marina,,,,,,Résumé
